Name,Height,Pos,Team,img_Link,PTS,AST,REB,PIE
Alex Abrines,198.12,Guard,OKC,http://i.cdn.turner.com/nba/nba/.element/img/2.0/sect/statscube/players/large/alex_abrines.png,4.7,0.4,1.5,0.048
Quincy Acy,200.66,Forward,BKN,http://i.cdn.turner.com/nba/nba/.element/img/2.0/sect/statscube/players/large/quincy_acy.png,5.9,0.8,3.7,0.058
Steven Adams,213.36,Center,OKC,http://i.cdn.turner.com/nba/nba/.element/img/2.0/sect/statscube/players/large/steven_adams.png,13.9,1.2,9.0,0.109
Bam Adebayo,208.28,Center-Forward,MIA,http://i.cdn.turner.com/nba/nba/.element/img/2.0/sect/statscube/players/large/bam_adebayo.png,6.9,1.5,5.5,0.111
Arron Afflalo,195.58,Guard,ORL,http://i.cdn.turner.com/nba/nba/.element/img/2.0/sect/statscube/players/large/arron_afflalo.png,3.4,0.6,1.2,0.042
Alexis Ajinca,218.44,Center,NOP,http://i.cdn.turner.com/nba/nba/.element/img/2.0/sect/statscube/players/large/alexis_ajinca.png,5.3,0.3,4.5,0.088
Cole Aldrich,210.82,Center,MIN,http://i.cdn.turner.com/nba/nba/.element/img/2.0/sect/statscube/players/large/cole_aldrich.png,3.1,0.5,3.3,0
LaMarcus Aldridge,210.82,Forward,SAS,http://i.cdn.turner.com/nba/nba/.element/img/2.0/sect/statscube/players/large/lamarcus_aldridge.png,23.1,2.0,8.5,0.159
Jarrett Allen,210.82,Center,BKN,http://i.cdn.turner.com/nba/nba/.element/img/2.0/sect/statscube/players/large/jarrett_allen.png,8.2,0.7,5.4,0.108
Kadeem Allen,190.5,Guard,BOS,http://i.cdn.turner.com/nba/nba/.element/img/2.0/sect/statscube/players/large/kadeem_allen.png,1.1,0.7,0.6,0.006
Al-Farouq Aminu,205.74,Forward,POR,http://i.cdn.turner.com/nba/nba/.element/img/2.0/sect/statscube/players/large/al-farouq_aminu.png,9.3,1.2,7.6,0.09
Justin Anderson,198.12,Guard-Forward,PHI,http://i.cdn.turner.com/nba/nba/.element/img/2.0/sect/statscube/players/large/justin_anderson.png,6.2,0.7,2.4,0.087
Kyle Anderson,205.74,Forward,SAS,http://i.cdn.turner.com/nba/nba/.element/img/2.0/sect/statscube/players/large/kyle_anderson.png,7.9,2.7,5.4,0.111
Ryan Anderson,208.28,Forward,HOU,http://i.cdn.turner.com/nba/nba/.element/img/2.0/sect/statscube/players/large/ryan_anderson.png,9.3,0.9,5.0,0.077
Ike Anigbogu,208.28,Center-Forward,IND,http://i.cdn.turner.com/nba/nba/.element/img/2.0/sect/statscube/players/large/ike_anigbogu.png,1.2,0.0,0.8,0.109
Giannis Antetokounmpo,210.82,Forward,MIL,http://i.cdn.turner.com/nba/nba/.element/img/2.0/sect/statscube/players/large/giannis_antetokounmpo.png,26.9,4.8,10.0,0.186
Carmelo Anthony,203.2,Forward,OKC,http://i.cdn.turner.com/nba/nba/.element/img/2.0/sect/statscube/players/large/carmelo_anthony.png,16.2,1.3,5.8,0.086
OG Anunoby,203.2,Forward,TOR,http://i.cdn.turner.com/nba/nba/.element/img/2.0/sect/statscube/players/large/og_anunoby.png,5.9,0.7,2.5,0.056
Ryan Arcidiacono,190.5,Guard,CHI,http://i.cdn.turner.com/nba/nba/.element/img/2.0/sect/statscube/players/large/ryan_arcidiacono.png,2.0,1.5,1.0,0.057
Trevor Ariza,203.2,Forward-Guard,HOU,http://i.cdn.turner.com/nba/nba/.element/img/2.0/sect/statscube/players/large/trevor_ariza.png,11.7,1.6,4.4,0.077
Darrell Arthur,205.74,Forward,DEN,http://i.cdn.turner.com/nba/nba/.element/img/2.0/sect/statscube/players/large/darrell_arthur.png,2.8,0.5,0.8,0.039
Jamel Artis,200.66,Guard,ORL,http://i.cdn.turner.com/nba/nba/.element/img/2.0/sect/statscube/players/large/jamel_artis.png,5.1,1.2,2.5,0.062
Omer Asik,213.36,Center,CHI,http://i.cdn.turner.com/nba/nba/.element/img/2.0/sect/statscube/players/large/omer_asik.png,1.2,0.2,2.6,0.027
D.J. Augustin,182.88,Guard,ORL,http://i.cdn.turner.com/nba/nba/.element/img/2.0/sect/statscube/players/large/d.j._augustin.png,10.2,3.8,2.1,0.107
Luke Babbitt,205.74,Forward,MIA,http://i.cdn.turner.com/nba/nba/.element/img/2.0/sect/statscube/players/large/luke_babbitt.png,5.2,0.6,1.9,0.068
Dwayne Bacon,200.66,Forward,CHA,http://i.cdn.turner.com/nba/nba/.element/img/2.0/sect/statscube/players/large/dwayne_bacon.png,3.3,0.7,2.3,0.058
Ron Baker,193.04,Guard,NYK,http://i.cdn.turner.com/nba/nba/.element/img/2.0/sect/statscube/players/large/ron_baker.png,2.4,1.6,1.0,0.058
Wade Baldwin IV,193.04,Guard,POR,http://i.cdn.turner.com/nba/nba/.element/img/2.0/sect/statscube/players/large/wade_baldwin iv.png,5.4,0.7,1.1,0.094
Lonzo Ball,198.12,Guard,LAL,http://i.cdn.turner.com/nba/nba/.element/img/2.0/sect/statscube/players/large/lonzo_ball.png,10.2,7.2,6.9,0.098
J.J. Barea,182.88,Guard,DAL,http://i.cdn.turner.com/nba/nba/.element/img/2.0/sect/statscube/players/large/j.j._barea.png,11.6,6.3,2.9,0.133
Harrison Barnes,203.2,Forward,DAL,http://i.cdn.turner.com/nba/nba/.element/img/2.0/sect/statscube/players/large/harrison_barnes.png,18.9,2.0,6.1,0.114
Will Barton,198.12,Forward-Guard,DEN,http://i.cdn.turner.com/nba/nba/.element/img/2.0/sect/statscube/players/large/will_barton.png,15.7,4.1,5.0,0.109
Nicolas Batum,203.2,Guard-Forward,CHA,http://i.cdn.turner.com/nba/nba/.element/img/2.0/sect/statscube/players/large/nicolas_batum.png,11.6,5.5,4.8,0.104
Jerryd Bayless,190.5,Guard,PHI,http://i.cdn.turner.com/nba/nba/.element/img/2.0/sect/statscube/players/large/jerryd_bayless.png,7.9,1.4,2.1,0.047
Aron Baynes,208.28,Center,BOS,http://i.cdn.turner.com/nba/nba/.element/img/2.0/sect/statscube/players/large/aron_baynes.png,6.0,1.1,5.4,0.087
Kent Bazemore,195.58,Guard,ATL,http://i.cdn.turner.com/nba/nba/.element/img/2.0/sect/statscube/players/large/kent_bazemore.png,12.9,3.5,3.8,0.099
Bradley Beal,195.58,Guard,WAS,http://i.cdn.turner.com/nba/nba/.element/img/2.0/sect/statscube/players/large/bradley_beal.png,22.6,4.5,4.4,0.125
Malik Beasley,195.58,Guard,DEN,http://i.cdn.turner.com/nba/nba/.element/img/2.0/sect/statscube/players/large/malik_beasley.png,3.2,0.5,1.1,0.06
Michael Beasley,205.74,Forward,NYK,http://i.cdn.turner.com/nba/nba/.element/img/2.0/sect/statscube/players/large/michael_beasley.png,13.2,1.7,5.6,0.122
Marco Belinelli,195.58,Guard-Forward,PHI,http://i.cdn.turner.com/nba/nba/.element/img/2.0/sect/statscube/players/large/marco_belinelli.png,12.1,1.9,1.9,0.093
Jordan Bell,205.74,Center-Forward,GSW,http://i.cdn.turner.com/nba/nba/.element/img/2.0/sect/statscube/players/large/jordan_bell.png,4.6,1.8,3.6,0.111
DeAndre' Bembry,198.12,Forward-Guard,ATL,http://i.cdn.turner.com/nba/nba/.element/img/2.0/sect/statscube/players/large/deandre'_bembry.png,5.2,1.9,2.8,0.063
Dragan Bender,215.9,Forward,PHX,http://i.cdn.turner.com/nba/nba/.element/img/2.0/sect/statscube/players/large/dragan_bender.png,6.5,1.6,4.4,0.058
Davis Bertans,208.28,Center-Forward,SAS,http://i.cdn.turner.com/nba/nba/.element/img/2.0/sect/statscube/players/large/davis_bertans.png,5.9,1.0,2.0,0.092
Patrick Beverley,185.42000000000002,Guard,LAC,http://i.cdn.turner.com/nba/nba/.element/img/2.0/sect/statscube/players/large/patrick_beverley.png,12.2,2.9,4.1,0.077
Khem Birch,205.74,Center,ORL,http://i.cdn.turner.com/nba/nba/.element/img/2.0/sect/statscube/players/large/khem_birch.png,4.2,0.8,4.3,0.109
Jabari Bird,198.12,Guard,BOS,http://i.cdn.turner.com/nba/nba/.element/img/2.0/sect/statscube/players/large/jabari_bird.png,3.0,0.6,1.5,0.076
Bismack Biyombo,205.74,Center,ORL,http://i.cdn.turner.com/nba/nba/.element/img/2.0/sect/statscube/players/large/bismack_biyombo.png,5.7,0.8,5.7,0.098
Nemanja Bjelica,208.28,Forward,MIN,http://i.cdn.turner.com/nba/nba/.element/img/2.0/sect/statscube/players/large/nemanja_bjelica.png,6.8,1.3,4.1,0.082
Tarik Black,205.74,Forward-Center,HOU,http://i.cdn.turner.com/nba/nba/.element/img/2.0/sect/statscube/players/large/tarik_black.png,3.5,0.3,3.2,0.073
Antonio Blakeney,193.04,Guard,CHI,http://i.cdn.turner.com/nba/nba/.element/img/2.0/sect/statscube/players/large/antonio_blakeney.png,7.9,1.1,1.7,0.064
Eric Bledsoe,185.42000000000002,Guard,MIL,http://i.cdn.turner.com/nba/nba/.element/img/2.0/sect/statscube/players/large/eric_bledsoe.png,17.7,5.0,3.8,0.125
Bogdan Bogdanovic,198.12,Guard,SAC,http://i.cdn.turner.com/nba/nba/.element/img/2.0/sect/statscube/players/large/bogdan_bogdanovic.png,11.8,3.3,2.9,0.087
Bojan Bogdanovic,203.2,Forward-Guard,IND,http://i.cdn.turner.com/nba/nba/.element/img/2.0/sect/statscube/players/large/bojan_bogdanovic.png,14.3,1.5,3.4,0.091
Devin Booker,198.12,Guard,PHX,http://i.cdn.turner.com/nba/nba/.element/img/2.0/sect/statscube/players/large/devin_booker.png,24.9,4.7,4.5,0.123
Trevor Booker,203.2,Forward,IND,http://i.cdn.turner.com/nba/nba/.element/img/2.0/sect/statscube/players/large/trevor_booker.png,6.3,1.2,4.7,0.1
Chris Boucher,208.28,Forward,GSW,http://i.cdn.turner.com/nba/nba/.element/img/2.0/sect/statscube/players/large/chris_boucher.png,0.0,0.0,1.0,0.0
Avery Bradley,187.96,Guard,LAC,http://i.cdn.turner.com/nba/nba/.element/img/2.0/sect/statscube/players/large/avery_bradley.png,14.3,2.0,2.5,0.06
Tony Bradley,208.28,Center,UTA,http://i.cdn.turner.com/nba/nba/.element/img/2.0/sect/statscube/players/large/tony_bradley.png,0.9,0.1,1.2,0.088
Corey Brewer,205.74,Guard-Forward,OKC,http://i.cdn.turner.com/nba/nba/.element/img/2.0/sect/statscube/players/large/corey_brewer.png,5.3,0.9,2.1,0.059
Malcolm Brogdon,195.58,Guard,MIL,http://i.cdn.turner.com/nba/nba/.element/img/2.0/sect/statscube/players/large/malcolm_brogdon.png,13.0,3.2,3.3,0.094
Aaron Brooks,182.88,Guard,MIN,http://i.cdn.turner.com/nba/nba/.element/img/2.0/sect/statscube/players/large/aaron_brooks.png,2.3,0.6,0.5,0.044
Dillon Brooks,198.12,Forward-Guard,MEM,http://i.cdn.turner.com/nba/nba/.element/img/2.0/sect/statscube/players/large/dillon_brooks.png,11.0,1.6,3.1,0.063
MarShon Brooks,195.58,Guard-Forward,BKN,http://i.cdn.turner.com/nba/nba/.element/img/2.0/sect/statscube/players/large/marshon_brooks.png,20.1,3.6,3.0,0.147
Anthony Brown,200.66,Forward-Guard,MIN,http://i.cdn.turner.com/nba/nba/.element/img/2.0/sect/statscube/players/large/anthony_brown.png,3.0,1.0,0.0,0.229
Jaylen Brown,200.66,Guard-Forward,BOS,http://i.cdn.turner.com/nba/nba/.element/img/2.0/sect/statscube/players/large/jaylen_brown.png,14.5,1.6,4.9,0.089
Lorenzo Brown,195.58,Guard,TOR,http://i.cdn.turner.com/nba/nba/.element/img/2.0/sect/statscube/players/large/lorenzo_brown.png,2.3,0.9,1.1,0.076
Markel Brown,190.5,Guard,HOU,http://i.cdn.turner.com/nba/nba/.element/img/2.0/sect/statscube/players/large/markel_brown.png,1.3,0.5,1.3,-0.013
Sterling Brown,198.12,Guard,MIL,http://i.cdn.turner.com/nba/nba/.element/img/2.0/sect/statscube/players/large/sterling_brown.png,4.0,0.5,2.6,0.063
Thomas Bryant,208.28,Center,LAL,http://i.cdn.turner.com/nba/nba/.element/img/2.0/sect/statscube/players/large/thomas_bryant.png,1.5,0.4,1.1,0
Reggie Bullock,200.66,Guard-Forward,DET,http://i.cdn.turner.com/nba/nba/.element/img/2.0/sect/statscube/players/large/reggie_bullock.png,11.3,1.5,2.5,0.084
Trey Burke,185.42000000000002,Guard,NYK,http://i.cdn.turner.com/nba/nba/.element/img/2.0/sect/statscube/players/large/trey_burke.png,12.8,4.7,2.0,0.129
Alec Burks,198.12,Guard,UTA,http://i.cdn.turner.com/nba/nba/.element/img/2.0/sect/statscube/players/large/alec_burks.png,7.7,1.0,3.0,0.101
Jimmy Butler,203.2,Guard,MIN,http://i.cdn.turner.com/nba/nba/.element/img/2.0/sect/statscube/players/large/jimmy_butler.png,22.2,4.9,5.3,0.151
Dwight Buycks,190.5,Guard,DET,http://i.cdn.turner.com/nba/nba/.element/img/2.0/sect/statscube/players/large/dwight_buycks.png,7.4,2.0,1.4,0.084
Bruno Caboclo,205.74,Forward,SAC,http://i.cdn.turner.com/nba/nba/.element/img/2.0/sect/statscube/players/large/bruno_caboclo.png,2.2,0.3,1.8,0.052
Jose Calderon,190.5,Guard,CLE,http://i.cdn.turner.com/nba/nba/.element/img/2.0/sect/statscube/players/large/jose_calderon.png,4.5,2.1,1.5,0.067
Kentavious Caldwell-Pope,195.58,Guard,LAL,http://i.cdn.turner.com/nba/nba/.element/img/2.0/sect/statscube/players/large/kentavious_caldwell-pope.png,13.4,2.2,5.2,0.092
Clint Capela,208.28,Center,HOU,http://i.cdn.turner.com/nba/nba/.element/img/2.0/sect/statscube/players/large/clint_capela.png,13.9,0.9,10.8,0.155
DeMarre Carroll,203.2,Forward,BKN,http://i.cdn.turner.com/nba/nba/.element/img/2.0/sect/statscube/players/large/demarre_carroll.png,13.5,2.0,6.6,0.101
Vince Carter,198.12,Guard-Forward,SAC,http://i.cdn.turner.com/nba/nba/.element/img/2.0/sect/statscube/players/large/vince_carter.png,5.4,1.2,2.6,0.073
Michael Carter-Williams,198.12,Guard,CHA,http://i.cdn.turner.com/nba/nba/.element/img/2.0/sect/statscube/players/large/michael_carter-williams.png,4.6,2.2,2.7,0.07
Alex Caruso,195.58,Guard,LAL,http://i.cdn.turner.com/nba/nba/.element/img/2.0/sect/statscube/players/large/alex_caruso.png,3.6,2.0,1.8,0.062
Willie Cauley-Stein,213.36,Center,SAC,http://i.cdn.turner.com/nba/nba/.element/img/2.0/sect/statscube/players/large/willie_cauley-stein.png,12.8,2.4,7.0,0.115
Tyler Cavanaugh,205.74,Forward,ATL,http://i.cdn.turner.com/nba/nba/.element/img/2.0/sect/statscube/players/large/tyler_cavanaugh.png,4.7,0.7,3.3,0
Mario Chalmers,187.96,Guard,MEM,http://i.cdn.turner.com/nba/nba/.element/img/2.0/sect/statscube/players/large/mario_chalmers.png,7.7,3.0,2.4,0.072
Tyson Chandler,215.9,Center,PHX,http://i.cdn.turner.com/nba/nba/.element/img/2.0/sect/statscube/players/large/tyson_chandler.png,6.5,1.2,9.1,0.108
Wilson Chandler,205.74,Forward,DEN,http://i.cdn.turner.com/nba/nba/.element/img/2.0/sect/statscube/players/large/wilson_chandler.png,10.0,2.1,5.4,0.071
Marquese Chriss,208.28,Forward,PHX,http://i.cdn.turner.com/nba/nba/.element/img/2.0/sect/statscube/players/large/marquese_chriss.png,7.7,1.2,5.5,0.075
Ian Clark,190.5,Guard,NOP,http://i.cdn.turner.com/nba/nba/.element/img/2.0/sect/statscube/players/large/ian_clark.png,5.3,1.1,1.3,0
Jordan Clarkson,195.58,Guard,CLE,http://i.cdn.turner.com/nba/nba/.element/img/2.0/sect/statscube/players/large/jordan_clarkson.png,13.9,2.7,2.7,0.115
Antonius Cleveland,198.12,Guard,ATL,http://i.cdn.turner.com/nba/nba/.element/img/2.0/sect/statscube/players/large/antonius_cleveland.png,1.4,0.1,0.8,0.005
John Collins,208.28,Forward-Center,ATL,http://i.cdn.turner.com/nba/nba/.element/img/2.0/sect/statscube/players/large/john_collins.png,10.5,1.3,7.3,0.119
Zach Collins,213.36,Center-Forward,POR,http://i.cdn.turner.com/nba/nba/.element/img/2.0/sect/statscube/players/large/zach_collins.png,4.4,0.8,3.3,0.052
Kyle Collinsworth,198.12,Guard,DAL,http://i.cdn.turner.com/nba/nba/.element/img/2.0/sect/statscube/players/large/kyle_collinsworth.png,3.2,1.8,3.3,0.066
Darren Collison,187.96,Guard,IND,http://i.cdn.turner.com/nba/nba/.element/img/2.0/sect/statscube/players/large/darren_collison.png,12.4,5.3,2.6,0.114
Nick Collison,208.28,Forward-Center,OKC,http://i.cdn.turner.com/nba/nba/.element/img/2.0/sect/statscube/players/large/nick_collison.png,5.9,1.0,5.2,0
Mike Conley,185.42000000000002,Guard,MEM,http://i.cdn.turner.com/nba/nba/.element/img/2.0/sect/statscube/players/large/mike_conley.png,17.1,4.1,2.3,0.11
Pat Connaughton,195.58,Guard-Forward,POR,http://i.cdn.turner.com/nba/nba/.element/img/2.0/sect/statscube/players/large/pat_connaughton.png,5.4,1.1,2.0,0.058
Quinn Cook,187.96,Guard,GSW,http://i.cdn.turner.com/nba/nba/.element/img/2.0/sect/statscube/players/large/quinn_cook.png,9.5,2.7,2.5,0.087
Charles Cooke,195.58,Guard,NOP,http://i.cdn.turner.com/nba/nba/.element/img/2.0/sect/statscube/players/large/charles_cooke.png,0.5,0.1,0.2,-0.034
Jack Cooley,208.28,Center-Forward,SAC,http://i.cdn.turner.com/nba/nba/.element/img/2.0/sect/statscube/players/large/jack_cooley.png,5.7,0.9,4.3,0.143
Matt Costello,208.28,Forward-Center,SAS,http://i.cdn.turner.com/nba/nba/.element/img/2.0/sect/statscube/players/large/matt_costello.png,1.0,0.5,2.3,0.057
DeMarcus Cousins,210.82,Center,NOP,http://i.cdn.turner.com/nba/nba/.element/img/2.0/sect/statscube/players/large/demarcus_cousins.png,25.2,5.4,12.9,0.167
Robert Covington,205.74,Forward,PHI,http://i.cdn.turner.com/nba/nba/.element/img/2.0/sect/statscube/players/large/robert_covington.png,12.6,2.0,5.4,0.09
Allen Crabbe,198.12,Guard-Forward,BKN,http://i.cdn.turner.com/nba/nba/.element/img/2.0/sect/statscube/players/large/allen_crabbe.png,13.2,1.6,4.3,0.084
Torrey Craig,198.12,Guard-Forward,DEN,http://i.cdn.turner.com/nba/nba/.element/img/2.0/sect/statscube/players/large/torrey_craig.png,4.2,0.6,3.3,0.056
Jamal Crawford,195.58,Guard,MIN,http://i.cdn.turner.com/nba/nba/.element/img/2.0/sect/statscube/players/large/jamal_crawford.png,10.3,2.3,1.2,0.079
Jordan Crawford,195.58,Guard,WAS,http://i.cdn.turner.com/nba/nba/.element/img/2.0/sect/statscube/players/large/jordan_crawford.png,6.6,2.6,0.8,0.09
Jae Crowder,198.12,Forward,UTA,http://i.cdn.turner.com/nba/nba/.element/img/2.0/sect/statscube/players/large/jae_crowder.png,9.7,1.2,3.4,0.061
Dante Cunningham,203.2,Forward,BKN,http://i.cdn.turner.com/nba/nba/.element/img/2.0/sect/statscube/players/large/dante_cunningham.png,5.7,0.7,4.1,0.065
Seth Curry,187.96,Guard,DAL,http://i.cdn.turner.com/nba/nba/.element/img/2.0/sect/statscube/players/large/seth_curry.png,12.8,2.7,2.6,0.103
Stephen Curry,190.5,Guard,GSW,http://i.cdn.turner.com/nba/nba/.element/img/2.0/sect/statscube/players/large/stephen_curry.png,26.4,6.1,5.1,0.165
Troy Daniels,193.04,Guard,PHX,http://i.cdn.turner.com/nba/nba/.element/img/2.0/sect/statscube/players/large/troy_daniels.png,8.9,0.6,1.6,0.058
Anthony Davis,208.28,Forward-Center,NOP,http://i.cdn.turner.com/nba/nba/.element/img/2.0/sect/statscube/players/large/anthony_davis.png,28.1,2.3,11.1,0.188
Deyonta Davis,210.82,Center-Forward,MEM,http://i.cdn.turner.com/nba/nba/.element/img/2.0/sect/statscube/players/large/deyonta_davis.png,5.8,0.6,4.0,0.108
Ed Davis,208.28,Forward-Center,POR,http://i.cdn.turner.com/nba/nba/.element/img/2.0/sect/statscube/players/large/ed_davis.png,5.3,0.5,7.4,0.115
DeMar DeRozan,200.66,Guard,TOR,http://i.cdn.turner.com/nba/nba/.element/img/2.0/sect/statscube/players/large/demar_derozan.png,23.0,5.2,3.9,0.135
Dewayne Dedmon,213.36,Center,ATL,http://i.cdn.turner.com/nba/nba/.element/img/2.0/sect/statscube/players/large/dewayne_dedmon.png,10.0,1.5,7.9,0.118
Sam Dekker,205.74,Forward,LAC,http://i.cdn.turner.com/nba/nba/.element/img/2.0/sect/statscube/players/large/sam_dekker.png,4.2,0.5,2.4,0.079
Malcolm Delaney,190.5,Guard,ATL,http://i.cdn.turner.com/nba/nba/.element/img/2.0/sect/statscube/players/large/malcolm_delaney.png,6.3,3.0,1.9,0.081
Matthew Dellavedova,193.04,Guard,MIL,http://i.cdn.turner.com/nba/nba/.element/img/2.0/sect/statscube/players/large/matthew_dellavedova.png,4.3,3.8,1.7,0.061
Luol Deng,205.74,Forward,LAL,http://i.cdn.turner.com/nba/nba/.element/img/2.0/sect/statscube/players/large/luol_deng.png,2.0,1.0,0.0,0.039
Cheick Diallo,205.74,Forward,NOP,http://i.cdn.turner.com/nba/nba/.element/img/2.0/sect/statscube/players/large/cheick_diallo.png,4.9,0.4,4.1,0.118
Gorgui Dieng,210.82,Center,MIN,http://i.cdn.turner.com/nba/nba/.element/img/2.0/sect/statscube/players/large/gorgui_dieng.png,5.9,0.9,4.6,0.093
Spencer Dinwiddie,198.12,Guard,BKN,http://i.cdn.turner.com/nba/nba/.element/img/2.0/sect/statscube/players/large/spencer_dinwiddie.png,12.6,6.6,3.2,0.108
Tyler Dorsey,195.58,Guard,ATL,http://i.cdn.turner.com/nba/nba/.element/img/2.0/sect/statscube/players/large/tyler_dorsey.png,7.2,1.4,2.3,0.07
Damyean Dotson,195.58,Guard,NYK,http://i.cdn.turner.com/nba/nba/.element/img/2.0/sect/statscube/players/large/damyean_dotson.png,4.1,0.7,1.9,0.092
Milton Doyle,193.04,Guard,BKN,http://i.cdn.turner.com/nba/nba/.element/img/2.0/sect/statscube/players/large/milton_doyle.png,3.4,1.0,1.8,0.03
PJ Dozier,198.12,Guard,OKC,http://i.cdn.turner.com/nba/nba/.element/img/2.0/sect/statscube/players/large/pj_dozier.png,1.0,0.0,0.5,0.0
Goran Dragic,190.5,Guard,MIA,http://i.cdn.turner.com/nba/nba/.element/img/2.0/sect/statscube/players/large/goran_dragic.png,17.3,4.8,4.1,0.116
Larry Drew II,187.96,Guard,PHI,http://i.cdn.turner.com/nba/nba/.element/img/2.0/sect/statscube/players/large/larry_drew ii.png,1.7,1.0,0.3,0.009
Andre Drummond,210.82,Center,DET,http://i.cdn.turner.com/nba/nba/.element/img/2.0/sect/statscube/players/large/andre_drummond.png,15.0,3.0,16.0,0.156
Jared Dudley,200.66,Forward,PHX,http://i.cdn.turner.com/nba/nba/.element/img/2.0/sect/statscube/players/large/jared_dudley.png,3.2,1.6,2.0,0.062
Kris Dunn,193.04,Guard,CHI,http://i.cdn.turner.com/nba/nba/.element/img/2.0/sect/statscube/players/large/kris_dunn.png,13.4,6.0,4.3,0.095
Kevin Durant,205.74,Forward,GSW,http://i.cdn.turner.com/nba/nba/.element/img/2.0/sect/statscube/players/large/kevin_durant.png,26.4,5.4,6.8,0.168
Jarell Eddie,200.66,Guard-Forward,CHI,http://i.cdn.turner.com/nba/nba/.element/img/2.0/sect/statscube/players/large/jarell_eddie.png,0.0,0.0,0.3,0.0
Henry Ellenson,210.82,Forward,DET,http://i.cdn.turner.com/nba/nba/.element/img/2.0/sect/statscube/players/large/henry_ellenson.png,4.0,0.5,2.1,0.096
Wayne Ellington,195.58,Guard,MIA,http://i.cdn.turner.com/nba/nba/.element/img/2.0/sect/statscube/players/large/wayne_ellington.png,11.2,1.0,2.8,0.085
Joel Embiid,213.36,Center,PHI,http://i.cdn.turner.com/nba/nba/.element/img/2.0/sect/statscube/players/large/joel_embiid.png,22.9,3.2,11.0,0.177
Tyler Ennis,190.5,Guard,LAL,http://i.cdn.turner.com/nba/nba/.element/img/2.0/sect/statscube/players/large/tyler_ennis.png,4.2,1.9,1.3,0
James Ennis III,200.66,Forward,DET,http://i.cdn.turner.com/nba/nba/.element/img/2.0/sect/statscube/players/large/james_ennis iii.png,7.1,1.0,3.1,0.073
Jawun Evans,182.88,Guard,LAC,http://i.cdn.turner.com/nba/nba/.element/img/2.0/sect/statscube/players/large/jawun_evans.png,4.8,2.1,1.8,0.046
Jeremy Evans,205.74,Forward,ATL,http://i.cdn.turner.com/nba/nba/.element/img/2.0/sect/statscube/players/large/jeremy_evans.png,2.0,0.0,1.0,0.025
Tyreke Evans,198.12,Guard-Forward,MEM,http://i.cdn.turner.com/nba/nba/.element/img/2.0/sect/statscube/players/large/tyreke_evans.png,19.4,5.2,5.1,0.16
Dante Exum,198.12,Guard,UTA,http://i.cdn.turner.com/nba/nba/.element/img/2.0/sect/statscube/players/large/dante_exum.png,8.1,3.1,1.9,0.117
Kenneth Faried,203.2,Forward,DEN,http://i.cdn.turner.com/nba/nba/.element/img/2.0/sect/statscube/players/large/kenneth_faried.png,5.9,0.6,4.8,0.108
Derrick Favors,208.28,Forward-Center,UTA,http://i.cdn.turner.com/nba/nba/.element/img/2.0/sect/statscube/players/large/derrick_favors.png,12.3,1.3,7.2,0.119
Kay Felder,175.26,Guard,DET,http://i.cdn.turner.com/nba/nba/.element/img/2.0/sect/statscube/players/large/kay_felder.png,3.6,1.3,1.1,0.038
Cristiano Felicio,205.74,Center-Forward,CHI,http://i.cdn.turner.com/nba/nba/.element/img/2.0/sect/statscube/players/large/cristiano_felicio.png,5.6,1.0,4.2,0.082
Raymond Felton,185.42000000000002,Guard,OKC,http://i.cdn.turner.com/nba/nba/.element/img/2.0/sect/statscube/players/large/raymond_felton.png,6.9,2.5,1.9,0.101
Terrance Ferguson,200.66,Guard,OKC,http://i.cdn.turner.com/nba/nba/.element/img/2.0/sect/statscube/players/large/terrance_ferguson.png,3.1,0.3,0.8,0.028
Yogi Ferrell,182.88,Guard,DAL,http://i.cdn.turner.com/nba/nba/.element/img/2.0/sect/statscube/players/large/yogi_ferrell.png,10.2,2.5,3.0,0.082
Dorian Finney-Smith,203.2,Forward,DAL,http://i.cdn.turner.com/nba/nba/.element/img/2.0/sect/statscube/players/large/dorian_finney-smith.png,5.9,1.2,3.6,0.051
Bryn Forbes,190.5,Guard,SAS,http://i.cdn.turner.com/nba/nba/.element/img/2.0/sect/statscube/players/large/bryn_forbes.png,6.9,1.0,1.4,0.055
Evan Fournier,200.66,Guard-Forward,ORL,http://i.cdn.turner.com/nba/nba/.element/img/2.0/sect/statscube/players/large/evan_fournier.png,17.8,2.9,3.2,0.093
De'Aaron Fox,190.5,Guard,SAC,http://i.cdn.turner.com/nba/nba/.element/img/2.0/sect/statscube/players/large/de'aaron_fox.png,11.6,4.4,2.8,0.074
Tim Frazier,185.42000000000002,Guard,WAS,http://i.cdn.turner.com/nba/nba/.element/img/2.0/sect/statscube/players/large/tim_frazier.png,3.0,3.3,1.9,0.085
Channing Frye,210.82,Forward,LAL,http://i.cdn.turner.com/nba/nba/.element/img/2.0/sect/statscube/players/large/channing_frye.png,5.0,0.7,2.5,0.092
Markelle Fultz,193.04,Guard,PHI,http://i.cdn.turner.com/nba/nba/.element/img/2.0/sect/statscube/players/large/markelle_fultz.png,7.1,3.8,3.1,0.094
Danilo Gallinari,208.28,Forward,LAC,http://i.cdn.turner.com/nba/nba/.element/img/2.0/sect/statscube/players/large/danilo_gallinari.png,15.3,2.0,4.8,0.102
Langston Galloway,187.96,Guard,DET,http://i.cdn.turner.com/nba/nba/.element/img/2.0/sect/statscube/players/large/langston_galloway.png,6.2,1.0,1.6,0.086
Marc Gasol,215.9,Center,MEM,http://i.cdn.turner.com/nba/nba/.element/img/2.0/sect/statscube/players/large/marc_gasol.png,17.2,4.2,8.1,0.14
Pau Gasol,213.36,Center,SAS,http://i.cdn.turner.com/nba/nba/.element/img/2.0/sect/statscube/players/large/pau_gasol.png,10.1,3.1,8.0,0.15
Rudy Gay,203.2,Forward,SAS,http://i.cdn.turner.com/nba/nba/.element/img/2.0/sect/statscube/players/large/rudy_gay.png,11.5,1.3,5.1,0.125
Paul George,205.74,Forward,OKC,http://i.cdn.turner.com/nba/nba/.element/img/2.0/sect/statscube/players/large/paul_george.png,21.9,3.3,5.7,0.12
Marcus Georges-Hunt,195.58,Guard,MIN,http://i.cdn.turner.com/nba/nba/.element/img/2.0/sect/statscube/players/large/marcus_georges-hunt.png,1.4,0.2,0.4,0.017
Jonathan Gibson,187.96,Guard,BOS,http://i.cdn.turner.com/nba/nba/.element/img/2.0/sect/statscube/players/large/jonathan_gibson.png,8.5,1.0,0.8,0.115
Taj Gibson,205.74,Forward,MIN,http://i.cdn.turner.com/nba/nba/.element/img/2.0/sect/statscube/players/large/taj_gibson.png,12.2,1.2,7.1,0.094
Harry Giles,208.28,Forward-Center,SAC,http://i.cdn.turner.com/nba/nba/.element/img/2.0/sect/statscube/players/large/harry_giles.png,-1,-1,-1,-1
Manu Ginobili,198.12,Guard,SAS,http://i.cdn.turner.com/nba/nba/.element/img/2.0/sect/statscube/players/large/manu_ginobili.png,8.9,2.5,2.2,0.085
Rudy Gobert,215.9,Center,UTA,http://i.cdn.turner.com/nba/nba/.element/img/2.0/sect/statscube/players/large/rudy_gobert.png,13.5,1.4,10.7,0.147
Aaron Gordon,205.74,Forward,ORL,http://i.cdn.turner.com/nba/nba/.element/img/2.0/sect/statscube/players/large/aaron_gordon.png,17.6,2.3,7.9,0.113
Eric Gordon,193.04,Guard,HOU,http://i.cdn.turner.com/nba/nba/.element/img/2.0/sect/statscube/players/large/eric_gordon.png,18.0,2.2,2.5,0.09
Marcin Gortat,210.82,Center,LAC,http://i.cdn.turner.com/nba/nba/.element/img/2.0/sect/statscube/players/large/marcin_gortat.png,8.4,1.8,7.6,0.104
Treveon Graham,195.58,Guard-Forward,CHA,http://i.cdn.turner.com/nba/nba/.element/img/2.0/sect/statscube/players/large/treveon_graham.png,4.3,0.9,1.9,0.047
Jerami Grant,205.74,Forward,OKC,http://i.cdn.turner.com/nba/nba/.element/img/2.0/sect/statscube/players/large/jerami_grant.png,8.4,0.7,3.9,0.101
Jerian Grant,193.04,Guard,CHI,http://i.cdn.turner.com/nba/nba/.element/img/2.0/sect/statscube/players/large/jerian_grant.png,8.4,4.6,2.3,0.096
Danny Green,198.12,Guard-Forward,SAS,http://i.cdn.turner.com/nba/nba/.element/img/2.0/sect/statscube/players/large/danny_green.png,8.6,1.6,3.6,0.073
Draymond Green,200.66,Forward,GSW,http://i.cdn.turner.com/nba/nba/.element/img/2.0/sect/statscube/players/large/draymond_green.png,11.0,7.3,7.6,0.117
Gerald Green,200.66,Guard-Forward,HOU,http://i.cdn.turner.com/nba/nba/.element/img/2.0/sect/statscube/players/large/gerald_green.png,12.1,0.6,3.2,0.088
JaMychal Green,205.74,Forward,MEM,http://i.cdn.turner.com/nba/nba/.element/img/2.0/sect/statscube/players/large/jamychal_green.png,10.3,1.4,8.4,0.101
Jeff Green,205.74,Forward,CLE,http://i.cdn.turner.com/nba/nba/.element/img/2.0/sect/statscube/players/large/jeff_green.png,10.8,1.3,3.2,0.09
Blake Griffin,208.28,Forward,DET,http://i.cdn.turner.com/nba/nba/.element/img/2.0/sect/statscube/players/large/blake_griffin.png,21.4,5.8,7.4,0.144
Daniel Hamilton,200.66,Guard-Forward,OKC,http://i.cdn.turner.com/nba/nba/.element/img/2.0/sect/statscube/players/large/daniel_hamilton.png,2.0,1.3,0.8,0.186
Tim Hardaway Jr.,198.12,Forward-Guard,NYK,http://i.cdn.turner.com/nba/nba/.element/img/2.0/sect/statscube/players/large/tim_hardaway jr..png,17.5,2.7,3.9,0.091
James Harden,195.58,Guard,HOU,http://i.cdn.turner.com/nba/nba/.element/img/2.0/sect/statscube/players/large/james_harden.png,30.4,8.8,5.4,0.194
Maurice Harkless,205.74,Forward,POR,http://i.cdn.turner.com/nba/nba/.element/img/2.0/sect/statscube/players/large/maurice_harkless.png,6.5,0.9,2.7,0.072
Montrezl Harrell,203.2,Forward-Center,LAC,http://i.cdn.turner.com/nba/nba/.element/img/2.0/sect/statscube/players/large/montrezl_harrell.png,11.0,1.0,4.0,0.144
Devin Harris,190.5,Guard,DEN,http://i.cdn.turner.com/nba/nba/.element/img/2.0/sect/statscube/players/large/devin_harris.png,8.4,2.1,1.8,0.076
Gary Harris,193.04,Guard,DEN,http://i.cdn.turner.com/nba/nba/.element/img/2.0/sect/statscube/players/large/gary_harris.png,17.5,2.9,2.6,0.098
Joe Harris,198.12,Forward-Guard,BKN,http://i.cdn.turner.com/nba/nba/.element/img/2.0/sect/statscube/players/large/joe_harris.png,7.6,1.1,2.4,0
Tobias Harris,205.74,Forward,LAC,http://i.cdn.turner.com/nba/nba/.element/img/2.0/sect/statscube/players/large/tobias_harris.png,18.6,2.4,5.5,0.113
Aaron Harrison,198.12,Guard,DAL,http://i.cdn.turner.com/nba/nba/.element/img/2.0/sect/statscube/players/large/aaron_harrison.png,6.7,1.2,2.7,0.022
Andrew Harrison,198.12,Guard,MEM,http://i.cdn.turner.com/nba/nba/.element/img/2.0/sect/statscube/players/large/andrew_harrison.png,9.5,3.2,2.3,0.083
Shaquille Harrison,193.04,Guard,PHX,http://i.cdn.turner.com/nba/nba/.element/img/2.0/sect/statscube/players/large/shaquille_harrison.png,6.6,2.4,2.7,0.101
Josh Hart,195.58,Guard,LAL,http://i.cdn.turner.com/nba/nba/.element/img/2.0/sect/statscube/players/large/josh_hart.png,7.9,1.3,4.2,0.087
Udonis Haslem,203.2,Forward,MIA,http://i.cdn.turner.com/nba/nba/.element/img/2.0/sect/statscube/players/large/udonis_haslem.png,0.6,0.4,0.7,0.021
Nigel Hayes,200.66,Forward,SAC,http://i.cdn.turner.com/nba/nba/.element/img/2.0/sect/statscube/players/large/nigel_hayes.png,3.0,0.7,2.4,0.061
Gordon Hayward,203.2,Forward,BOS,http://i.cdn.turner.com/nba/nba/.element/img/2.0/sect/statscube/players/large/gordon_hayward.png,2.0,0.0,1.0,0.048
Reggie Hearn,195.58,Guard,DET,http://i.cdn.turner.com/nba/nba/.element/img/2.0/sect/statscube/players/large/reggie_hearn.png,1.0,0.0,0.0,0.129
Myke Henry,198.12,Forward,MEM,http://i.cdn.turner.com/nba/nba/.element/img/2.0/sect/statscube/players/large/myke_henry.png,5.4,1.1,1.9,0.053
John Henson,210.82,Center,MIL,http://i.cdn.turner.com/nba/nba/.element/img/2.0/sect/statscube/players/large/john_henson.png,8.8,1.5,6.8,0.097
Juancho Hernangomez,205.74,Forward,DEN,http://i.cdn.turner.com/nba/nba/.element/img/2.0/sect/statscube/players/large/juancho_hernangomez.png,3.3,0.5,2.2,0.061
Willy Hernangomez,210.82,Center,CHA,http://i.cdn.turner.com/nba/nba/.element/img/2.0/sect/statscube/players/large/willy_hernangomez.png,5.1,0.7,3.8,0.134
Mario Hezonja,203.2,Forward-Guard,ORL,http://i.cdn.turner.com/nba/nba/.element/img/2.0/sect/statscube/players/large/mario_hezonja.png,9.6,1.4,3.7,0.094
Isaiah Hicks,205.74,Forward,NYK,http://i.cdn.turner.com/nba/nba/.element/img/2.0/sect/statscube/players/large/isaiah_hicks.png,4.4,0.9,2.3,0.033
Buddy Hield,193.04,Guard,SAC,http://i.cdn.turner.com/nba/nba/.element/img/2.0/sect/statscube/players/large/buddy_hield.png,13.5,1.9,3.8,0.109
Nene Hilario,210.82,Center-Forward,HOU,http://i.cdn.turner.com/nba/nba/.element/img/2.0/sect/statscube/players/large/nene_hilario.png,6.5,0.9,3.4,0.092
George Hill,190.5,Guard,CLE,http://i.cdn.turner.com/nba/nba/.element/img/2.0/sect/statscube/players/large/george_hill.png,10.0,2.8,2.7,0.079
Solomon Hill,200.66,Forward,NOP,http://i.cdn.turner.com/nba/nba/.element/img/2.0/sect/statscube/players/large/solomon_hill.png,2.4,1.8,3.0,0.033
Darrun Hilliard,198.12,Guard,SAS,http://i.cdn.turner.com/nba/nba/.element/img/2.0/sect/statscube/players/large/darrun_hilliard.png,1.1,0.8,0.5,0.026
Jrue Holiday,193.04,Guard,NOP,http://i.cdn.turner.com/nba/nba/.element/img/2.0/sect/statscube/players/large/jrue_holiday.png,19.0,6.0,4.5,0.118
Justin Holiday,198.12,Guard-Forward,CHI,http://i.cdn.turner.com/nba/nba/.element/img/2.0/sect/statscube/players/large/justin_holiday.png,12.2,2.1,4.0,0.069
Rondae Hollis-Jefferson,200.66,Forward,BKN,http://i.cdn.turner.com/nba/nba/.element/img/2.0/sect/statscube/players/large/rondae_hollis-jefferson.png,13.9,2.5,6.8,0.119
Richaun Holmes,208.28,Forward-Center,PHI,http://i.cdn.turner.com/nba/nba/.element/img/2.0/sect/statscube/players/large/richaun_holmes.png,6.5,1.3,4.4,0.115
Rodney Hood,203.2,Guard,CLE,http://i.cdn.turner.com/nba/nba/.element/img/2.0/sect/statscube/players/large/rodney_hood.png,14.7,1.6,2.8,0.09
Al Horford,208.28,Forward-Center,BOS,http://i.cdn.turner.com/nba/nba/.element/img/2.0/sect/statscube/players/large/al_horford.png,12.9,4.7,7.4,0.134
Danuel House,200.66,Forward-Guard,PHX,http://i.cdn.turner.com/nba/nba/.element/img/2.0/sect/statscube/players/large/danuel_house.png,6.6,1.1,3.3,0.091
Dwight Howard,210.82,Center,CHA,http://i.cdn.turner.com/nba/nba/.element/img/2.0/sect/statscube/players/large/dwight_howard.png,16.6,1.3,12.5,0.136
Josh Huestis,200.66,Guard,OKC,http://i.cdn.turner.com/nba/nba/.element/img/2.0/sect/statscube/players/large/josh_huestis.png,2.3,0.3,2.3,0.032
RJ Hunter,195.58,Guard,HOU,http://i.cdn.turner.com/nba/nba/.element/img/2.0/sect/statscube/players/large/rj_hunter.png,3.8,0.6,1.0,0.052
Serge Ibaka,208.28,Forward-Center,TOR,http://i.cdn.turner.com/nba/nba/.element/img/2.0/sect/statscube/players/large/serge_ibaka.png,12.6,0.8,6.3,0.098
Andre Iguodala,198.12,Forward-Guard,GSW,http://i.cdn.turner.com/nba/nba/.element/img/2.0/sect/statscube/players/large/andre_iguodala.png,6.0,3.3,3.8,0.081
Ersan Ilyasova,208.28,Forward,PHI,http://i.cdn.turner.com/nba/nba/.element/img/2.0/sect/statscube/players/large/ersan_ilyasova.png,10.9,1.3,5.9,0.099
Joe Ingles,203.2,Forward,UTA,http://i.cdn.turner.com/nba/nba/.element/img/2.0/sect/statscube/players/large/joe_ingles.png,11.5,4.8,4.2,0.107
Andre Ingram,190.5,Guard,LAL,http://i.cdn.turner.com/nba/nba/.element/img/2.0/sect/statscube/players/large/andre_ingram.png,12.0,3.5,3.0,0.099
Brandon Ingram,205.74,Forward-Guard,LAL,http://i.cdn.turner.com/nba/nba/.element/img/2.0/sect/statscube/players/large/brandon_ingram.png,16.1,3.9,5.3,0.096
Kyrie Irving,190.5,Guard,BOS,http://i.cdn.turner.com/nba/nba/.element/img/2.0/sect/statscube/players/large/kyrie_irving.png,24.4,5.1,3.8,0.165
Jonathan Isaac,208.28,Forward,ORL,http://i.cdn.turner.com/nba/nba/.element/img/2.0/sect/statscube/players/large/jonathan_isaac.png,5.4,0.7,3.7,0.071
Wes Iwundu,200.66,Forward,ORL,http://i.cdn.turner.com/nba/nba/.element/img/2.0/sect/statscube/players/large/wes_iwundu.png,3.7,0.9,2.2,0.053
Jarrett Jack,190.5,Guard,NYK,http://i.cdn.turner.com/nba/nba/.element/img/2.0/sect/statscube/players/large/jarrett_jack.png,7.5,5.6,3.1,0.089
Aaron Jackson,190.5,Guard,HOU,http://i.cdn.turner.com/nba/nba/.element/img/2.0/sect/statscube/players/large/aaron_jackson.png,8.0,1.0,3.0,-0.01
Demetrius Jackson,185.42000000000002,Guard,PHI,http://i.cdn.turner.com/nba/nba/.element/img/2.0/sect/statscube/players/large/demetrius_jackson.png,1.1,0.6,0.8,0.037
Frank Jackson,190.5,Guard,NOP,http://i.cdn.turner.com/nba/nba/.element/img/2.0/sect/statscube/players/large/frank_jackson.png,-1,-1,-1,-1
Josh Jackson,203.2,Guard-Forward,PHX,http://i.cdn.turner.com/nba/nba/.element/img/2.0/sect/statscube/players/large/josh_jackson.png,13.1,1.5,4.6,0.072
Justin Jackson,203.2,Forward,SAC,http://i.cdn.turner.com/nba/nba/.element/img/2.0/sect/statscube/players/large/justin_jackson.png,6.7,1.1,2.8,0.064
Reggie Jackson,190.5,Guard,DET,http://i.cdn.turner.com/nba/nba/.element/img/2.0/sect/statscube/players/large/reggie_jackson.png,14.6,5.3,2.8,0.108
LeBron James,203.2,Forward-Guard,CLE,http://i.cdn.turner.com/nba/nba/.element/img/2.0/sect/statscube/players/large/lebron_james.png,27.5,9.1,8.6,0.191
Al Jefferson,208.28,Center,IND,http://i.cdn.turner.com/nba/nba/.element/img/2.0/sect/statscube/players/large/al_jefferson.png,7.0,0.8,4.0,0.135
Amile Jefferson,205.74,Forward,MIN,http://i.cdn.turner.com/nba/nba/.element/img/2.0/sect/statscube/players/large/amile_jefferson.png,-1,-1,-1,-1
Richard Jefferson,200.66,Forward,DEN,http://i.cdn.turner.com/nba/nba/.element/img/2.0/sect/statscube/players/large/richard_jefferson.png,1.5,0.8,0.9,0.047
Brandon Jennings,185.42000000000002,Guard,MIL,http://i.cdn.turner.com/nba/nba/.element/img/2.0/sect/statscube/players/large/brandon_jennings.png,5.2,3.1,2.2,0.098
Jonas Jerebko,208.28,Forward,UTA,http://i.cdn.turner.com/nba/nba/.element/img/2.0/sect/statscube/players/large/jonas_jerebko.png,5.8,0.6,3.3,0.091
Amir Johnson,205.74,Center-Forward,PHI,http://i.cdn.turner.com/nba/nba/.element/img/2.0/sect/statscube/players/large/amir_johnson.png,4.6,1.6,4.5,0.088
Dakari Johnson,213.36,Center,OKC,http://i.cdn.turner.com/nba/nba/.element/img/2.0/sect/statscube/players/large/dakari_johnson.png,1.8,0.3,1.1,0.089
James Johnson,203.2,Forward,MIA,http://i.cdn.turner.com/nba/nba/.element/img/2.0/sect/statscube/players/large/james_johnson.png,10.8,3.8,4.9,0.112
Joe Johnson,200.66,Guard-Forward,HOU,http://i.cdn.turner.com/nba/nba/.element/img/2.0/sect/statscube/players/large/joe_johnson.png,6.8,1.5,3.1,0.07
Omari Johnson,205.74,Forward,MEM,http://i.cdn.turner.com/nba/nba/.element/img/2.0/sect/statscube/players/large/omari_johnson.png,5.5,1.8,2.8,0
Stanley Johnson,200.66,Forward,DET,http://i.cdn.turner.com/nba/nba/.element/img/2.0/sect/statscube/players/large/stanley_johnson.png,8.7,1.6,3.7,0.059
Tyler Johnson,193.04,Guard,MIA,http://i.cdn.turner.com/nba/nba/.element/img/2.0/sect/statscube/players/large/tyler_johnson.png,11.7,2.3,3.4,0.087
Wesley Johnson,200.66,Forward-Guard,LAC,http://i.cdn.turner.com/nba/nba/.element/img/2.0/sect/statscube/players/large/wesley_johnson.png,5.4,0.8,2.9,0.058
Nikola Jokic,208.28,Center,DEN,http://i.cdn.turner.com/nba/nba/.element/img/2.0/sect/statscube/players/large/nikola_jokic.png,18.5,6.1,10.7,0.169
Damian Jones,213.36,Center,GSW,http://i.cdn.turner.com/nba/nba/.element/img/2.0/sect/statscube/players/large/damian_jones.png,1.7,0.1,0.9,0.033
Jalen Jones,200.66,Forward,DAL,http://i.cdn.turner.com/nba/nba/.element/img/2.0/sect/statscube/players/large/jalen_jones.png,4.6,0.3,2.4,0.051
Tyus Jones,187.96,Guard,MIN,http://i.cdn.turner.com/nba/nba/.element/img/2.0/sect/statscube/players/large/tyus_jones.png,5.1,2.8,1.6,0.09
Derrick Jones Jr.,200.66,Forward-Guard,MIA,http://i.cdn.turner.com/nba/nba/.element/img/2.0/sect/statscube/players/large/derrick_jones jr..png,3.1,0.5,1.9,0.046
DeAndre Jordan,210.82,Center,LAC,http://i.cdn.turner.com/nba/nba/.element/img/2.0/sect/statscube/players/large/deandre_jordan.png,12.0,1.5,15.2,0.152
Cory Joseph,190.5,Guard,IND,http://i.cdn.turner.com/nba/nba/.element/img/2.0/sect/statscube/players/large/cory_joseph.png,7.9,3.2,3.2,0.078
Frank Kaminsky,213.36,Forward-Center,CHA,http://i.cdn.turner.com/nba/nba/.element/img/2.0/sect/statscube/players/large/frank_kaminsky.png,11.1,1.6,3.6,0.098
Enes Kanter,210.82,Center,NYK,http://i.cdn.turner.com/nba/nba/.element/img/2.0/sect/statscube/players/large/enes_kanter.png,14.1,1.5,11.0,0.161
Luke Kennard,195.58,Guard,DET,http://i.cdn.turner.com/nba/nba/.element/img/2.0/sect/statscube/players/large/luke_kennard.png,7.6,1.7,2.4,0.086
Michael Kidd-Gilchrist,200.66,Forward,CHA,http://i.cdn.turner.com/nba/nba/.element/img/2.0/sect/statscube/players/large/michael_kidd-gilchrist.png,9.2,1.0,4.1,0.074
Sean Kilpatrick,193.04,Guard,CHI,http://i.cdn.turner.com/nba/nba/.element/img/2.0/sect/statscube/players/large/sean_kilpatrick.png,6.3,0.9,1.7,0.086
Maxi Kleber,210.82,Forward,DAL,http://i.cdn.turner.com/nba/nba/.element/img/2.0/sect/statscube/players/large/maxi_kleber.png,5.4,0.7,3.3,0.08
Brandon Knight,190.5,Guard,PHX,http://i.cdn.turner.com/nba/nba/.element/img/2.0/sect/statscube/players/large/brandon_knight.png,11.0,2.4,2.2,0.088
Furkan Korkmaz,200.66,Guard-Forward,PHI,http://i.cdn.turner.com/nba/nba/.element/img/2.0/sect/statscube/players/large/furkan_korkmaz.png,1.6,0.3,0.8,0.01
Luke Kornet,215.9,Forward-Center,NYK,http://i.cdn.turner.com/nba/nba/.element/img/2.0/sect/statscube/players/large/luke_kornet.png,6.7,1.3,3.2,0.083
Kyle Korver,200.66,Guard,CLE,http://i.cdn.turner.com/nba/nba/.element/img/2.0/sect/statscube/players/large/kyle_korver.png,9.2,1.2,2.3,0.083
Kosta Koufos,213.36,Center,SAC,http://i.cdn.turner.com/nba/nba/.element/img/2.0/sect/statscube/players/large/kosta_koufos.png,6.7,1.2,6.6,0.124
Kyle Kuzma,205.74,Forward,LAL,http://i.cdn.turner.com/nba/nba/.element/img/2.0/sect/statscube/players/large/kyle_kuzma.png,16.1,1.8,6.3,0.104
Zach LaVine,195.58,Guard,CHI,http://i.cdn.turner.com/nba/nba/.element/img/2.0/sect/statscube/players/large/zach_lavine.png,16.7,3.0,3.9,0.092
Skal Labissiere,210.82,Forward-Center,SAC,http://i.cdn.turner.com/nba/nba/.element/img/2.0/sect/statscube/players/large/skal_labissiere.png,8.7,1.2,4.8,0.085
Jeremy Lamb,195.58,Guard,CHA,http://i.cdn.turner.com/nba/nba/.element/img/2.0/sect/statscube/players/large/jeremy_lamb.png,12.9,2.3,4.1,0.116
Shane Larkin,180.34,Guard,BOS,http://i.cdn.turner.com/nba/nba/.element/img/2.0/sect/statscube/players/large/shane_larkin.png,4.3,1.8,1.7,0.084
Joffrey Lauvergne,210.82,Center,SAS,http://i.cdn.turner.com/nba/nba/.element/img/2.0/sect/statscube/players/large/joffrey_lauvergne.png,4.1,0.7,3.1,0.119
Ty Lawson,180.34,Guard,WAS,http://i.cdn.turner.com/nba/nba/.element/img/2.0/sect/statscube/players/large/ty_lawson.png,9.9,4.8,2.6,0.106
Jake Layman,205.74,Forward,POR,http://i.cdn.turner.com/nba/nba/.element/img/2.0/sect/statscube/players/large/jake_layman.png,1.0,0.3,0.5,0.027
Caris LeVert,200.66,Guard-Forward,BKN,http://i.cdn.turner.com/nba/nba/.element/img/2.0/sect/statscube/players/large/caris_levert.png,12.1,4.2,3.7,0.099
TJ Leaf,208.28,Forward,IND,http://i.cdn.turner.com/nba/nba/.element/img/2.0/sect/statscube/players/large/tj_leaf.png,2.9,0.2,1.5,0.061
Courtney Lee,195.58,Guard,NYK,http://i.cdn.turner.com/nba/nba/.element/img/2.0/sect/statscube/players/large/courtney_lee.png,12.0,2.4,2.9,0.085
Damion Lee,198.12,Guard,ATL,http://i.cdn.turner.com/nba/nba/.element/img/2.0/sect/statscube/players/large/damion_lee.png,10.7,1.9,4.7,0.086
Alex Len,215.9,Center,PHX,http://i.cdn.turner.com/nba/nba/.element/img/2.0/sect/statscube/players/large/alex_len.png,8.5,1.2,7.5,0.129
Kawhi Leonard,200.66,Forward,SAS,http://i.cdn.turner.com/nba/nba/.element/img/2.0/sect/statscube/players/large/kawhi_leonard.png,16.2,2.3,4.7,0.182
Meyers Leonard,215.9,Center,POR,http://i.cdn.turner.com/nba/nba/.element/img/2.0/sect/statscube/players/large/meyers_leonard.png,3.4,0.5,2.1,0.12
Jon Leuer,208.28,Forward-Center,DET,http://i.cdn.turner.com/nba/nba/.element/img/2.0/sect/statscube/players/large/jon_leuer.png,5.4,0.6,4.0,0.07
DeAndre Liggins,198.12,Guard,NOP,http://i.cdn.turner.com/nba/nba/.element/img/2.0/sect/statscube/players/large/deandre_liggins.png,1.7,0.8,1.3,0.035
Damian Lillard,190.5,Guard,POR,http://i.cdn.turner.com/nba/nba/.element/img/2.0/sect/statscube/players/large/damian_lillard.png,26.9,6.6,4.5,0.165
Jeremy Lin,190.5,Guard,BKN,http://i.cdn.turner.com/nba/nba/.element/img/2.0/sect/statscube/players/large/jeremy_lin.png,18.0,4.0,0.0,0.071
Shaun Livingston,200.66,Guard,GSW,http://i.cdn.turner.com/nba/nba/.element/img/2.0/sect/statscube/players/large/shaun_livingston.png,5.5,2.0,1.8,0.075
Kevon Looney,205.74,Forward,GSW,http://i.cdn.turner.com/nba/nba/.element/img/2.0/sect/statscube/players/large/kevon_looney.png,4.0,0.6,3.3,0.079
Brook Lopez,213.36,Center,LAL,http://i.cdn.turner.com/nba/nba/.element/img/2.0/sect/statscube/players/large/brook_lopez.png,13.0,1.7,4.0,0.092
Robin Lopez,213.36,Center,CHI,http://i.cdn.turner.com/nba/nba/.element/img/2.0/sect/statscube/players/large/robin_lopez.png,11.8,1.9,4.5,0.087
Kevin Love,208.28,Center-Forward,CLE,http://i.cdn.turner.com/nba/nba/.element/img/2.0/sect/statscube/players/large/kevin_love.png,17.6,1.7,9.3,0.15
Kyle Lowry,182.88,Guard,TOR,http://i.cdn.turner.com/nba/nba/.element/img/2.0/sect/statscube/players/large/kyle_lowry.png,16.2,6.9,5.6,0.136
Timothe Luwawu-Cabarrot,198.12,Guard-Forward,PHI,http://i.cdn.turner.com/nba/nba/.element/img/2.0/sect/statscube/players/large/timothe_luwawu-cabarrot.png,5.8,1.0,1.4,0.041
Tyler Lydon,205.74,Forward,DEN,http://i.cdn.turner.com/nba/nba/.element/img/2.0/sect/statscube/players/large/tyler_lydon.png,0.0,0.0,0.0,0.0
Trey Lyles,208.28,Forward,DEN,http://i.cdn.turner.com/nba/nba/.element/img/2.0/sect/statscube/players/large/trey_lyles.png,9.9,1.2,4.8,0.128
Shelvin Mack,190.5,Guard,ORL,http://i.cdn.turner.com/nba/nba/.element/img/2.0/sect/statscube/players/large/shelvin_mack.png,6.4,3.1,2.0,0
Josh Magette,185.42000000000002,Guard,ATL,http://i.cdn.turner.com/nba/nba/.element/img/2.0/sect/statscube/players/large/josh_magette.png,2.6,3.2,1.1,0.086
Ian Mahinmi,210.82,Center,WAS,http://i.cdn.turner.com/nba/nba/.element/img/2.0/sect/statscube/players/large/ian_mahinmi.png,4.8,0.7,4.1,0.061
Thon Maker,215.9,Center-Forward,MIL,http://i.cdn.turner.com/nba/nba/.element/img/2.0/sect/statscube/players/large/thon_maker.png,4.8,0.6,3.0,0.05
Boban Marjanovic,220.98,Center,LAC,http://i.cdn.turner.com/nba/nba/.element/img/2.0/sect/statscube/players/large/boban_marjanovic.png,6.0,0.6,3.7,0.166
Lauri Markkanen,213.36,Forward,CHI,http://i.cdn.turner.com/nba/nba/.element/img/2.0/sect/statscube/players/large/lauri_markkanen.png,15.2,1.2,7.5,0.114
Jarell Martin,208.28,Forward,MEM,http://i.cdn.turner.com/nba/nba/.element/img/2.0/sect/statscube/players/large/jarell_martin.png,7.7,1.0,4.4,0.066
Frank Mason,180.34,Guard,SAC,http://i.cdn.turner.com/nba/nba/.element/img/2.0/sect/statscube/players/large/frank_mason.png,7.9,2.8,2.5,0.091
Mangok Mathiang,208.28,Forward-Center,CHA,http://i.cdn.turner.com/nba/nba/.element/img/2.0/sect/statscube/players/large/mangok_mathiang.png,2.0,0.0,2.5,0.129
Wesley Matthews,195.58,Guard-Forward,DAL,http://i.cdn.turner.com/nba/nba/.element/img/2.0/sect/statscube/players/large/wesley_matthews.png,12.7,2.7,3.1,0.071
Luc Mbah a Moute,203.2,Forward,HOU,http://i.cdn.turner.com/nba/nba/.element/img/2.0/sect/statscube/players/large/luc_mbah a moute.png,7.5,0.9,3.0,0.067
Patrick McCaw,200.66,Guard,GSW,http://i.cdn.turner.com/nba/nba/.element/img/2.0/sect/statscube/players/large/patrick_mccaw.png,4.0,1.4,1.4,0.046
CJ McCollum,190.5,Guard,POR,http://i.cdn.turner.com/nba/nba/.element/img/2.0/sect/statscube/players/large/cj_mccollum.png,21.4,3.4,4.0,0.109
T.J. McConnell,187.96,Guard,PHI,http://i.cdn.turner.com/nba/nba/.element/img/2.0/sect/statscube/players/large/t.j._mcconnell.png,6.3,4.0,3.0,0.099
Erik McCree,203.2,Forward,UTA,http://i.cdn.turner.com/nba/nba/.element/img/2.0/sect/statscube/players/large/erik_mccree.png,0.0,0.0,0.3,-0.031
Chris McCullough,205.74,Forward,WAS,http://i.cdn.turner.com/nba/nba/.element/img/2.0/sect/statscube/players/large/chris_mccullough.png,2.4,0.2,1.3,0.103
Doug McDermott,203.2,Forward,DAL,http://i.cdn.turner.com/nba/nba/.element/img/2.0/sect/statscube/players/large/doug_mcdermott.png,7.8,1.0,2.5,0.069
JaVale McGee,213.36,Center,GSW,http://i.cdn.turner.com/nba/nba/.element/img/2.0/sect/statscube/players/large/javale_mcgee.png,4.8,0.5,2.6,0.118
Rodney McGruder,193.04,Guard-Forward,MIA,http://i.cdn.turner.com/nba/nba/.element/img/2.0/sect/statscube/players/large/rodney_mcgruder.png,5.1,0.9,1.8,0.065
Alfonzo McKinnie,203.2,Forward,TOR,http://i.cdn.turner.com/nba/nba/.element/img/2.0/sect/statscube/players/large/alfonzo_mckinnie.png,1.5,0.1,0.5,0.052
Ben McLemore,195.58,Guard,MEM,http://i.cdn.turner.com/nba/nba/.element/img/2.0/sect/statscube/players/large/ben_mclemore.png,7.5,0.9,2.5,0.056
Jodie Meeks,193.04,Guard,WAS,http://i.cdn.turner.com/nba/nba/.element/img/2.0/sect/statscube/players/large/jodie_meeks.png,6.3,0.9,1.6,0.092
Salah Mejri,218.44,Center,DAL,http://i.cdn.turner.com/nba/nba/.element/img/2.0/sect/statscube/players/large/salah_mejri.png,3.5,0.6,4.0,0.103
Jordan Mickey,203.2,Center-Forward,MIA,http://i.cdn.turner.com/nba/nba/.element/img/2.0/sect/statscube/players/large/jordan_mickey.png,4.0,0.4,3.5,0.08
Khris Middleton,203.2,Forward,MIL,http://i.cdn.turner.com/nba/nba/.element/img/2.0/sect/statscube/players/large/khris_middleton.png,20.1,4.0,5.2,0.114
CJ Miles,198.12,Forward-Guard,TOR,http://i.cdn.turner.com/nba/nba/.element/img/2.0/sect/statscube/players/large/cj_miles.png,10.0,0.8,2.2,0.077
Darius Miller,203.2,Forward,NOP,http://i.cdn.turner.com/nba/nba/.element/img/2.0/sect/statscube/players/large/darius_miller.png,7.8,1.4,2.0,0.056
Malcolm Miller,200.66,Forward,TOR,http://i.cdn.turner.com/nba/nba/.element/img/2.0/sect/statscube/players/large/malcolm_miller.png,2.5,0.2,1.0,0.054
Patty Mills,182.88,Guard,SAS,http://i.cdn.turner.com/nba/nba/.element/img/2.0/sect/statscube/players/large/patty_mills.png,10.0,2.8,1.9,0.075
Paul Millsap,203.2,Forward,DEN,http://i.cdn.turner.com/nba/nba/.element/img/2.0/sect/statscube/players/large/paul_millsap.png,14.6,2.8,6.4,0.105
Nikola Mirotic,208.28,Forward,NOP,http://i.cdn.turner.com/nba/nba/.element/img/2.0/sect/statscube/players/large/nikola_mirotic.png,15.6,1.5,7.4,0.13
Donovan Mitchell,190.5,Guard,UTA,http://i.cdn.turner.com/nba/nba/.element/img/2.0/sect/statscube/players/large/donovan_mitchell.png,20.5,3.7,3.7,0.109
Malik Monk,190.5,Guard,CHA,http://i.cdn.turner.com/nba/nba/.element/img/2.0/sect/statscube/players/large/malik_monk.png,6.7,1.4,1.0,0.063
Greg Monroe,210.82,Center-Forward,BOS,http://i.cdn.turner.com/nba/nba/.element/img/2.0/sect/statscube/players/large/greg_monroe.png,10.3,2.2,6.9,0.153
Ben Moore,203.2,Forward,IND,http://i.cdn.turner.com/nba/nba/.element/img/2.0/sect/statscube/players/large/ben_moore.png,0.0,0.5,0.5,-0.041
E'Twaun Moore,193.04,Forward-Guard,NOP,http://i.cdn.turner.com/nba/nba/.element/img/2.0/sect/statscube/players/large/e'twaun_moore.png,12.5,2.3,2.9,0.073
Eric Moreland,208.28,Forward-Center,DET,http://i.cdn.turner.com/nba/nba/.element/img/2.0/sect/statscube/players/large/eric_moreland.png,2.1,1.2,4.1,0.102
Jaylen Morris,195.58,Guard,ATL,http://i.cdn.turner.com/nba/nba/.element/img/2.0/sect/statscube/players/large/jaylen_morris.png,4.7,1.2,2.7,0.077
Marcus Morris,205.74,Forward,BOS,http://i.cdn.turner.com/nba/nba/.element/img/2.0/sect/statscube/players/large/marcus_morris.png,13.6,1.3,5.4,0.106
Markieff Morris,208.28,Forward,WAS,http://i.cdn.turner.com/nba/nba/.element/img/2.0/sect/statscube/players/large/markieff_morris.png,11.5,1.9,5.6,0.092
Monte Morris,190.5,Guard,DEN,http://i.cdn.turner.com/nba/nba/.element/img/2.0/sect/statscube/players/large/monte_morris.png,3.3,2.3,0.7,0.167
Johnathan Motley,208.28,Forward,DAL,http://i.cdn.turner.com/nba/nba/.element/img/2.0/sect/statscube/players/large/johnathan_motley.png,8.7,0.6,4.5,0.126
Timofey Mozgov,215.9,Center,BKN,http://i.cdn.turner.com/nba/nba/.element/img/2.0/sect/statscube/players/large/timofey_mozgov.png,4.2,0.4,3.2,0.085
Emmanuel Mudiay,195.58,Guard,NYK,http://i.cdn.turner.com/nba/nba/.element/img/2.0/sect/statscube/players/large/emmanuel_mudiay.png,8.6,3.2,2.4,0.081
Shabazz Muhammad,198.12,Guard-Forward,MIL,http://i.cdn.turner.com/nba/nba/.element/img/2.0/sect/statscube/players/large/shabazz_muhammad.png,5.0,0.3,1.8,0.09
Xavier Munford,193.04,Guard,MIL,http://i.cdn.turner.com/nba/nba/.element/img/2.0/sect/statscube/players/large/xavier_munford.png,0.5,0.7,0.2,-0.047
Dejounte Murray,195.58,Guard,SAS,http://i.cdn.turner.com/nba/nba/.element/img/2.0/sect/statscube/players/large/dejounte_murray.png,8.1,2.9,5.7,0.117
Jamal Murray,193.04,Guard,DEN,http://i.cdn.turner.com/nba/nba/.element/img/2.0/sect/statscube/players/large/jamal_murray.png,16.7,3.4,3.7,0.096
Mike Muscala,210.82,Forward-Center,ATL,http://i.cdn.turner.com/nba/nba/.element/img/2.0/sect/statscube/players/large/mike_muscala.png,7.6,1.0,4.3,0.096
Abdel Nader,198.12,Forward,BOS,http://i.cdn.turner.com/nba/nba/.element/img/2.0/sect/statscube/players/large/abdel_nader.png,3.0,0.5,1.5,0.033
Larry Nance Jr.,205.74,Forward,CLE,http://i.cdn.turner.com/nba/nba/.element/img/2.0/sect/statscube/players/large/larry_nance jr..png,8.7,1.2,6.8,0.128
Shabazz Napier,185.42000000000002,Guard,POR,http://i.cdn.turner.com/nba/nba/.element/img/2.0/sect/statscube/players/large/shabazz_napier.png,8.7,2.0,2.3,0.099
Jameer Nelson,182.88,Guard,DET,http://i.cdn.turner.com/nba/nba/.element/img/2.0/sect/statscube/players/large/jameer_nelson.png,4.9,3.6,2.1,0.065
Raul Neto,185.42000000000002,Guard,UTA,http://i.cdn.turner.com/nba/nba/.element/img/2.0/sect/statscube/players/large/raul_neto.png,4.5,1.8,1.2,0.088
Georges Niang,198.12,Forward,UTA,http://i.cdn.turner.com/nba/nba/.element/img/2.0/sect/statscube/players/large/georges_niang.png,1.0,0.3,1.0,0.086
Joakim Noah,210.82,Center,NYK,http://i.cdn.turner.com/nba/nba/.element/img/2.0/sect/statscube/players/large/joakim_noah.png,1.7,0.6,2.0,0.114
Nerlens Noel,210.82,Center,DAL,http://i.cdn.turner.com/nba/nba/.element/img/2.0/sect/statscube/players/large/nerlens_noel.png,4.4,0.7,5.6,0.115
Lucas Nogueira,213.36,Center,TOR,http://i.cdn.turner.com/nba/nba/.element/img/2.0/sect/statscube/players/large/lucas_nogueira.png,2.5,0.4,1.8,0.106
Dirk Nowitzki,213.36,Center-Forward,DAL,http://i.cdn.turner.com/nba/nba/.element/img/2.0/sect/statscube/players/large/dirk_nowitzki.png,12.0,1.6,5.7,0.119
Frank Ntilikina,195.58,Guard,NYK,http://i.cdn.turner.com/nba/nba/.element/img/2.0/sect/statscube/players/large/frank_ntilikina.png,5.9,3.2,2.3,0.048
Jusuf Nurkic,213.36,Center,POR,http://i.cdn.turner.com/nba/nba/.element/img/2.0/sect/statscube/players/large/jusuf_nurkic.png,14.3,1.8,9.0,0.127
David Nwaba,193.04,Forward,CHI,http://i.cdn.turner.com/nba/nba/.element/img/2.0/sect/statscube/players/large/david_nwaba.png,7.9,1.5,4.7,0.075
Royce O'Neale,198.12,Forward,UTA,http://i.cdn.turner.com/nba/nba/.element/img/2.0/sect/statscube/players/large/royce_o'neale.png,5.0,1.4,3.4,0.092
Kyle O'Quinn,208.28,Center-Forward,NYK,http://i.cdn.turner.com/nba/nba/.element/img/2.0/sect/statscube/players/large/kyle_o'quinn.png,7.1,2.1,6.1,0.137
Semi Ojeleye,200.66,Forward,BOS,http://i.cdn.turner.com/nba/nba/.element/img/2.0/sect/statscube/players/large/semi_ojeleye.png,2.7,0.3,2.2,0.032
Emeka Okafor,208.28,Center,NOP,http://i.cdn.turner.com/nba/nba/.element/img/2.0/sect/statscube/players/large/emeka_okafor.png,4.4,0.3,4.6,0.096
Jahlil Okafor,210.82,Center,BKN,http://i.cdn.turner.com/nba/nba/.element/img/2.0/sect/statscube/players/large/jahlil_okafor.png,6.3,0.4,3.0,0.105
Victor Oladipo,193.04,Guard,IND,http://i.cdn.turner.com/nba/nba/.element/img/2.0/sect/statscube/players/large/victor_oladipo.png,23.1,4.3,5.2,0.148
Kelly Olynyk,213.36,Forward-Center,MIA,http://i.cdn.turner.com/nba/nba/.element/img/2.0/sect/statscube/players/large/kelly_olynyk.png,11.5,2.7,5.7,0.122
Chinanu Onuaku,208.28,Center,HOU,http://i.cdn.turner.com/nba/nba/.element/img/2.0/sect/statscube/players/large/chinanu_onuaku.png,4.0,1.0,4.0,-0.033
Cedi Osman,203.2,Forward-Guard,CLE,http://i.cdn.turner.com/nba/nba/.element/img/2.0/sect/statscube/players/large/cedi_osman.png,3.9,0.7,2.0,0.067
Kelly Oubre Jr.,200.66,Forward,WAS,http://i.cdn.turner.com/nba/nba/.element/img/2.0/sect/statscube/players/large/kelly_oubre jr..png,11.8,1.2,4.5,0.079
Zaza Pachulia,210.82,Center,GSW,http://i.cdn.turner.com/nba/nba/.element/img/2.0/sect/statscube/players/large/zaza_pachulia.png,5.4,1.6,4.7,0.106
Marcus Paige,182.88,Guard,CHA,http://i.cdn.turner.com/nba/nba/.element/img/2.0/sect/statscube/players/large/marcus_paige.png,2.4,0.6,0.8,0.077
Georgios Papagiannis,215.9,Center,POR,http://i.cdn.turner.com/nba/nba/.element/img/2.0/sect/statscube/players/large/georgios_papagiannis.png,2.1,0.5,2.2,0.071
Jabari Parker,203.2,Forward,MIL,http://i.cdn.turner.com/nba/nba/.element/img/2.0/sect/statscube/players/large/jabari_parker.png,12.6,1.9,4.9,0.111
Tony Parker,187.96,Guard,SAS,http://i.cdn.turner.com/nba/nba/.element/img/2.0/sect/statscube/players/large/tony_parker.png,7.7,3.5,1.7,0.094
Chandler Parsons,208.28,Forward,MEM,http://i.cdn.turner.com/nba/nba/.element/img/2.0/sect/statscube/players/large/chandler_parsons.png,7.9,1.9,2.5,0.092
Patrick Patterson,205.74,Forward,OKC,http://i.cdn.turner.com/nba/nba/.element/img/2.0/sect/statscube/players/large/patrick_patterson.png,3.9,0.7,2.4,0.074
Justin Patton,213.36,Center,MIN,http://i.cdn.turner.com/nba/nba/.element/img/2.0/sect/statscube/players/large/justin_patton.png,2.0,0.0,0.0,0.057
Brandon Paul,193.04,Guard,SAS,http://i.cdn.turner.com/nba/nba/.element/img/2.0/sect/statscube/players/large/brandon_paul.png,2.3,0.6,1.1,0.051
Chris Paul,182.88,Guard,HOU,http://i.cdn.turner.com/nba/nba/.element/img/2.0/sect/statscube/players/large/chris_paul.png,18.6,7.9,5.4,0.166
Cameron Payne,190.5,Guard,CHI,http://i.cdn.turner.com/nba/nba/.element/img/2.0/sect/statscube/players/large/cameron_payne.png,8.8,4.5,2.8,0.088
Elfrid Payton,193.04,Guard,PHX,http://i.cdn.turner.com/nba/nba/.element/img/2.0/sect/statscube/players/large/elfrid_payton.png,12.7,6.2,4.3,0.108
Gary Payton II,190.5,Guard,LAL,http://i.cdn.turner.com/nba/nba/.element/img/2.0/sect/statscube/players/large/gary_payton ii.png,3.0,0.9,1.9,0.058
Kendrick Perkins,208.28,Center,BOS,http://i.cdn.turner.com/nba/nba/.element/img/2.0/sect/statscube/players/large/kendrick_perkins.png,3.0,2.0,1.0,0.042
Alec Peters,205.74,Forward,PHX,http://i.cdn.turner.com/nba/nba/.element/img/2.0/sect/statscube/players/large/alec_peters.png,4.1,0.6,1.9,0.071
Marshall Plumlee,213.36,Center,MIL,http://i.cdn.turner.com/nba/nba/.element/img/2.0/sect/statscube/players/large/marshall_plumlee.png,1.8,0.3,2.1,0.083
Mason Plumlee,210.82,Center-Forward,DEN,http://i.cdn.turner.com/nba/nba/.element/img/2.0/sect/statscube/players/large/mason_plumlee.png,7.1,1.9,5.4,0.098
Miles Plumlee,210.82,Center-Forward,ATL,http://i.cdn.turner.com/nba/nba/.element/img/2.0/sect/statscube/players/large/miles_plumlee.png,4.3,0.8,4.1,0.071
Jakob Poeltl,213.36,Center,TOR,http://i.cdn.turner.com/nba/nba/.element/img/2.0/sect/statscube/players/large/jakob_poeltl.png,6.9,0.7,4.8,0.097
Otto Porter Jr.,203.2,Forward,WAS,http://i.cdn.turner.com/nba/nba/.element/img/2.0/sect/statscube/players/large/otto_porter jr..png,14.7,2.0,6.4,0.124
Bobby Portis,210.82,Forward,CHI,http://i.cdn.turner.com/nba/nba/.element/img/2.0/sect/statscube/players/large/bobby_portis.png,13.2,1.7,6.8,0.133
Kristaps Porzingis,220.98,Forward-Center,NYK,http://i.cdn.turner.com/nba/nba/.element/img/2.0/sect/statscube/players/large/kristaps_porzingis.png,22.7,1.2,6.6,0.125
Dwight Powell,210.82,Center-Forward,DAL,http://i.cdn.turner.com/nba/nba/.element/img/2.0/sect/statscube/players/large/dwight_powell.png,8.5,1.2,5.6,0.119
Norman Powell,193.04,Forward-Guard,TOR,http://i.cdn.turner.com/nba/nba/.element/img/2.0/sect/statscube/players/large/norman_powell.png,5.5,1.3,1.7,0.056
Alex Poythress,205.74,Forward,IND,http://i.cdn.turner.com/nba/nba/.element/img/2.0/sect/statscube/players/large/alex_poythress.png,1.0,0.1,0.7,0.032
Taurean Prince,203.2,Forward,ATL,http://i.cdn.turner.com/nba/nba/.element/img/2.0/sect/statscube/players/large/taurean_prince.png,14.1,2.6,4.7,0.09
Rodney Purvis,193.04,Guard,ORL,http://i.cdn.turner.com/nba/nba/.element/img/2.0/sect/statscube/players/large/rodney_purvis.png,6.0,1.1,1.7,0.032
Zhou Qi,215.9,Forward-Center,HOU,http://i.cdn.turner.com/nba/nba/.element/img/2.0/sect/statscube/players/large/zhou_qi.png,1.2,0.1,1.2,-0.005
Ivan Rabb,208.28,Forward,MEM,http://i.cdn.turner.com/nba/nba/.element/img/2.0/sect/statscube/players/large/ivan_rabb.png,5.6,0.9,4.4,0.111
Julius Randle,205.74,Forward-Center,LAL,http://i.cdn.turner.com/nba/nba/.element/img/2.0/sect/statscube/players/large/julius_randle.png,16.1,2.6,8.0,0.135
Zach Randolph,205.74,Forward,SAC,http://i.cdn.turner.com/nba/nba/.element/img/2.0/sect/statscube/players/large/zach_randolph.png,14.5,2.2,6.7,0.122
JJ Redick,193.04,Guard-Forward,PHI,http://i.cdn.turner.com/nba/nba/.element/img/2.0/sect/statscube/players/large/jj_redick.png,17.1,3.0,2.5,0.108
Davon Reed,198.12,Guard,PHX,http://i.cdn.turner.com/nba/nba/.element/img/2.0/sect/statscube/players/large/davon_reed.png,3.0,0.6,1.9,0.047
Josh Richardson,198.12,Forward,MIA,http://i.cdn.turner.com/nba/nba/.element/img/2.0/sect/statscube/players/large/josh_richardson.png,12.9,2.9,3.5,0.086
Malachi Richardson,198.12,Guard,TOR,http://i.cdn.turner.com/nba/nba/.element/img/2.0/sect/statscube/players/large/malachi_richardson.png,3.4,0.5,1.3,0.035
Austin Rivers,193.04,Guard,WAS,http://i.cdn.turner.com/nba/nba/.element/img/2.0/sect/statscube/players/large/austin_rivers.png,15.1,4.0,2.4,0.073
Andre Roberson,200.66,Guard,OKC,http://i.cdn.turner.com/nba/nba/.element/img/2.0/sect/statscube/players/large/andre_roberson.png,5.0,1.2,4.7,0.065
Devin Robinson,203.2,Forward,WAS,http://i.cdn.turner.com/nba/nba/.element/img/2.0/sect/statscube/players/large/devin_robinson.png,2.0,0.0,5.0,0.085
Glenn Robinson III,200.66,Guard-Forward,IND,http://i.cdn.turner.com/nba/nba/.element/img/2.0/sect/statscube/players/large/glenn_robinson iii.png,4.1,0.7,1.6,0.071
Rajon Rondo,185.42000000000002,Guard,NOP,http://i.cdn.turner.com/nba/nba/.element/img/2.0/sect/statscube/players/large/rajon_rondo.png,8.3,8.2,4.0,0.115
Derrick Rose,190.5,Guard,MIN,http://i.cdn.turner.com/nba/nba/.element/img/2.0/sect/statscube/players/large/derrick_rose.png,8.4,1.5,1.4,0.068
Terrence Ross,200.66,Guard-Forward,ORL,http://i.cdn.turner.com/nba/nba/.element/img/2.0/sect/statscube/players/large/terrence_ross.png,8.7,1.6,3.0,0.061
Terry Rozier,187.96,Guard,BOS,http://i.cdn.turner.com/nba/nba/.element/img/2.0/sect/statscube/players/large/terry_rozier.png,11.3,2.9,4.7,0.117
Ricky Rubio,193.04,Guard,UTA,http://i.cdn.turner.com/nba/nba/.element/img/2.0/sect/statscube/players/large/ricky_rubio.png,13.1,5.3,4.6,0.115
D'Angelo Russell,195.58,Guard,BKN,http://i.cdn.turner.com/nba/nba/.element/img/2.0/sect/statscube/players/large/d'angelo_russell.png,15.5,5.2,3.9,0.109
Domantas Sabonis,208.28,Center-Forward,IND,http://i.cdn.turner.com/nba/nba/.element/img/2.0/sect/statscube/players/large/domantas_sabonis.png,11.6,2.0,7.7,0.121
JaKarr Sampson,205.74,Forward,SAC,http://i.cdn.turner.com/nba/nba/.element/img/2.0/sect/statscube/players/large/jakarr_sampson.png,4.7,0.4,3.5,0.087
Dario Saric,208.28,Forward,PHI,http://i.cdn.turner.com/nba/nba/.element/img/2.0/sect/statscube/players/large/dario_saric.png,14.6,2.6,6.7,0.115
Tomas Satoransky,200.66,Guard-Forward,WAS,http://i.cdn.turner.com/nba/nba/.element/img/2.0/sect/statscube/players/large/tomas_satoransky.png,7.2,3.9,3.2,0.106
Dennis Schroder,185.42000000000002,Guard,ATL,http://i.cdn.turner.com/nba/nba/.element/img/2.0/sect/statscube/players/large/dennis_schroder.png,19.4,6.2,3.1,0.116
Mike Scott,203.2,Forward,WAS,http://i.cdn.turner.com/nba/nba/.element/img/2.0/sect/statscube/players/large/mike_scott.png,8.8,1.1,3.3,0.096
Thabo Sefolosha,200.66,Forward,UTA,http://i.cdn.turner.com/nba/nba/.element/img/2.0/sect/statscube/players/large/thabo_sefolosha.png,8.2,0.9,4.2,0.114
Wayne Selden,195.58,Guard-Forward,MEM,http://i.cdn.turner.com/nba/nba/.element/img/2.0/sect/statscube/players/large/wayne_selden.png,9.3,1.9,1.6,0.072
Ramon Sessions,190.5,Guard,WAS,http://i.cdn.turner.com/nba/nba/.element/img/2.0/sect/statscube/players/large/ramon_sessions.png,4.9,2.8,1.4,0.079
Iman Shumpert,195.58,Guard,SAC,http://i.cdn.turner.com/nba/nba/.element/img/2.0/sect/statscube/players/large/iman_shumpert.png,4.4,1.2,2.9,0.049
Pascal Siakam,205.74,Forward,TOR,http://i.cdn.turner.com/nba/nba/.element/img/2.0/sect/statscube/players/large/pascal_siakam.png,7.3,2.0,4.5,0.102
Xavier Silas,195.58,Guard,PHI,http://i.cdn.turner.com/nba/nba/.element/img/2.0/sect/statscube/players/large/xavier_silas.png,0.0,0.0,1.0,-0.073
Ben Simmons,208.28,Guard-Forward,PHI,http://i.cdn.turner.com/nba/nba/.element/img/2.0/sect/statscube/players/large/ben_simmons.png,15.8,8.2,8.1,0.154
Jonathon Simmons,198.12,Forward,ORL,http://i.cdn.turner.com/nba/nba/.element/img/2.0/sect/statscube/players/large/jonathon_simmons.png,13.9,2.5,3.5,0.077
Kobi Simmons,193.04,Guard,MEM,http://i.cdn.turner.com/nba/nba/.element/img/2.0/sect/statscube/players/large/kobi_simmons.png,6.1,2.1,1.6,0.046
Kyle Singler,203.2,Forward,OKC,http://i.cdn.turner.com/nba/nba/.element/img/2.0/sect/statscube/players/large/kyle_singler.png,1.9,0.2,0.8,0.049
Marcus Smart,193.04,Guard,BOS,http://i.cdn.turner.com/nba/nba/.element/img/2.0/sect/statscube/players/large/marcus_smart.png,10.2,4.8,3.5,0.075
Ish Smith,182.88,Guard,DET,http://i.cdn.turner.com/nba/nba/.element/img/2.0/sect/statscube/players/large/ish_smith.png,10.9,4.4,2.7,0.106
JR Smith,198.12,Guard-Forward,CLE,http://i.cdn.turner.com/nba/nba/.element/img/2.0/sect/statscube/players/large/jr_smith.png,8.3,1.8,2.9,0.052
Jason Smith,213.36,Forward-Center,WAS,http://i.cdn.turner.com/nba/nba/.element/img/2.0/sect/statscube/players/large/jason_smith.png,3.4,0.4,1.6,0.046
Dennis Smith Jr.,190.5,Guard,DAL,http://i.cdn.turner.com/nba/nba/.element/img/2.0/sect/statscube/players/large/dennis_smith jr..png,15.2,5.2,3.8,0.087
Tony Snell,200.66,Guard,MIL,http://i.cdn.turner.com/nba/nba/.element/img/2.0/sect/statscube/players/large/tony_snell.png,6.9,1.3,1.9,0.051
Marreese Speights,208.28,Forward-Center,ORL,http://i.cdn.turner.com/nba/nba/.element/img/2.0/sect/statscube/players/large/marreese_speights.png,7.7,0.8,2.6,0.089
Nik Stauskas,198.12,Guard,BKN,http://i.cdn.turner.com/nba/nba/.element/img/2.0/sect/statscube/players/large/nik_stauskas.png,4.4,1.0,1.6,0.072
Lance Stephenson,198.12,Guard,IND,http://i.cdn.turner.com/nba/nba/.element/img/2.0/sect/statscube/players/large/lance_stephenson.png,9.2,2.9,5.2,0.097
David Stockton,180.34,Guard,SAC,http://i.cdn.turner.com/nba/nba/.element/img/2.0/sect/statscube/players/large/david_stockton.png,3.3,0.0,0.0,0.12
Julyan Stone,198.12,Guard,CHA,http://i.cdn.turner.com/nba/nba/.element/img/2.0/sect/statscube/players/large/julyan_stone.png,0.8,1.1,1.3,0.06
Edmond Sumner,195.58,Guard,IND,http://i.cdn.turner.com/nba/nba/.element/img/2.0/sect/statscube/players/large/edmond_sumner.png,2.0,0.0,1.0,0.235
Caleb Swanigan,203.2,Forward-Center,POR,http://i.cdn.turner.com/nba/nba/.element/img/2.0/sect/statscube/players/large/caleb_swanigan.png,2.3,0.5,2.0,0.054
Jayson Tatum,203.2,Forward,BOS,http://i.cdn.turner.com/nba/nba/.element/img/2.0/sect/statscube/players/large/jayson_tatum.png,13.9,1.6,5.0,0.108
Isaiah Taylor,190.5,Guard,ATL,http://i.cdn.turner.com/nba/nba/.element/img/2.0/sect/statscube/players/large/isaiah_taylor.png,6.3,2.9,1.4,0
Jeff Teague,187.96,Guard,MIN,http://i.cdn.turner.com/nba/nba/.element/img/2.0/sect/statscube/players/large/jeff_teague.png,14.2,7.0,3.0,0.105
Marquis Teague,187.96,Guard,CHI,http://i.cdn.turner.com/nba/nba/.element/img/2.0/sect/statscube/players/large/marquis_teague.png,3.7,4.3,2.0,0.039
Garrett Temple,198.12,Forward-Guard,SAC,http://i.cdn.turner.com/nba/nba/.element/img/2.0/sect/statscube/players/large/garrett_temple.png,8.4,1.9,2.3,0.065
Milos Teodosic,195.58,Guard,LAC,http://i.cdn.turner.com/nba/nba/.element/img/2.0/sect/statscube/players/large/milos_teodosic.png,9.5,4.6,2.8,0.079
Jason Terry,187.96,Guard,MIL,http://i.cdn.turner.com/nba/nba/.element/img/2.0/sect/statscube/players/large/jason_terry.png,3.3,1.2,0.9,0.047
Daniel Theis,205.74,Forward-Center,BOS,http://i.cdn.turner.com/nba/nba/.element/img/2.0/sect/statscube/players/large/daniel_theis.png,5.3,0.9,4.3,0.105
Isaiah Thomas,175.26,Guard,LAL,http://i.cdn.turner.com/nba/nba/.element/img/2.0/sect/statscube/players/large/isaiah_thomas.png,15.2,4.8,2.1,0.077
Lance Thomas,203.2,Forward,NYK,http://i.cdn.turner.com/nba/nba/.element/img/2.0/sect/statscube/players/large/lance_thomas.png,4.1,0.6,2.4,0.037
Klay Thompson,200.66,Guard,GSW,http://i.cdn.turner.com/nba/nba/.element/img/2.0/sect/statscube/players/large/klay_thompson.png,20.0,2.5,3.8,0.103
Tristan Thompson,205.74,Center-Forward,CLE,http://i.cdn.turner.com/nba/nba/.element/img/2.0/sect/statscube/players/large/tristan_thompson.png,5.8,0.6,6.6,0.085
Sindarius Thornwell,195.58,Guard,LAC,http://i.cdn.turner.com/nba/nba/.element/img/2.0/sect/statscube/players/large/sindarius_thornwell.png,3.9,0.9,1.9,0.045
Anthony Tolliver,203.2,Forward,DET,http://i.cdn.turner.com/nba/nba/.element/img/2.0/sect/statscube/players/large/anthony_tolliver.png,8.9,1.1,3.1,0.086
Karl-Anthony Towns,213.36,Center,MIN,http://i.cdn.turner.com/nba/nba/.element/img/2.0/sect/statscube/players/large/karl-anthony_towns.png,21.3,2.4,12.3,0.165
PJ Tucker,198.12,Forward,HOU,http://i.cdn.turner.com/nba/nba/.element/img/2.0/sect/statscube/players/large/pj_tucker.png,6.1,0.9,5.6,0.059
Evan Turner,200.66,Forward-Guard,POR,http://i.cdn.turner.com/nba/nba/.element/img/2.0/sect/statscube/players/large/evan_turner.png,8.2,2.2,3.1,0.071
Myles Turner,210.82,Center,IND,http://i.cdn.turner.com/nba/nba/.element/img/2.0/sect/statscube/players/large/myles_turner.png,12.7,1.3,6.4,0.1
Ekpe Udoh,208.28,Center-Forward,UTA,http://i.cdn.turner.com/nba/nba/.element/img/2.0/sect/statscube/players/large/ekpe_udoh.png,2.6,0.8,2.4,0.072
Tyler Ulis,177.8,Guard,PHX,http://i.cdn.turner.com/nba/nba/.element/img/2.0/sect/statscube/players/large/tyler_ulis.png,7.6,4.1,1.7,0
Jonas Valanciunas,213.36,Center,TOR,http://i.cdn.turner.com/nba/nba/.element/img/2.0/sect/statscube/players/large/jonas_valanciunas.png,12.7,1.1,8.6,0.151
Denzel Valentine,198.12,Forward,CHI,http://i.cdn.turner.com/nba/nba/.element/img/2.0/sect/statscube/players/large/denzel_valentine.png,10.2,3.2,5.1,0.091
Fred VanVleet,182.88,Guard,TOR,http://i.cdn.turner.com/nba/nba/.element/img/2.0/sect/statscube/players/large/fred_vanvleet.png,8.6,3.2,2.4,0.111
Noah Vonleh,205.74,Forward,CHI,http://i.cdn.turner.com/nba/nba/.element/img/2.0/sect/statscube/players/large/noah_vonleh.png,4.9,0.6,5.8,0.108
Nikola Vucevic,213.36,Center,ORL,http://i.cdn.turner.com/nba/nba/.element/img/2.0/sect/statscube/players/large/nikola_vucevic.png,16.5,3.4,9.2,0.139
Dwyane Wade,193.04,Guard,MIA,http://i.cdn.turner.com/nba/nba/.element/img/2.0/sect/statscube/players/large/dwyane_wade.png,11.4,3.4,3.8,0.104
Dion Waiters,193.04,Guard,MIA,http://i.cdn.turner.com/nba/nba/.element/img/2.0/sect/statscube/players/large/dion_waiters.png,14.3,3.8,2.6,0.076
Kemba Walker,185.42000000000002,Guard,CHA,http://i.cdn.turner.com/nba/nba/.element/img/2.0/sect/statscube/players/large/kemba_walker.png,22.1,5.6,3.1,0.131
John Wall,193.04,Guard,WAS,http://i.cdn.turner.com/nba/nba/.element/img/2.0/sect/statscube/players/large/john_wall.png,19.4,9.6,3.7,0.13
Tyrone Wallace,195.58,Guard,LAC,http://i.cdn.turner.com/nba/nba/.element/img/2.0/sect/statscube/players/large/tyrone_wallace.png,9.7,2.4,3.5,0.06
Derrick Walton Jr.,185.42000000000002,Guard,MIA,http://i.cdn.turner.com/nba/nba/.element/img/2.0/sect/statscube/players/large/derrick_walton jr..png,1.8,1.0,1.0,0.082
TJ Warren,203.2,Forward,PHX,http://i.cdn.turner.com/nba/nba/.element/img/2.0/sect/statscube/players/large/tj_warren.png,19.6,1.3,5.1,0.107
Travis Wear,208.28,Forward,LAL,http://i.cdn.turner.com/nba/nba/.element/img/2.0/sect/statscube/players/large/travis_wear.png,4.4,0.4,2.2,0.052
James Webb III,205.74,Forward,BKN,http://i.cdn.turner.com/nba/nba/.element/img/2.0/sect/statscube/players/large/james_webb iii.png,1.6,0.4,2.4,0.019
Briante Weber,187.96,Guard,MEM,http://i.cdn.turner.com/nba/nba/.element/img/2.0/sect/statscube/players/large/briante_weber.png,2.8,1.2,1.9,0.058
David West,205.74,Forward,GSW,http://i.cdn.turner.com/nba/nba/.element/img/2.0/sect/statscube/players/large/david_west.png,6.8,1.9,3.3,0.145
Russell Westbrook,190.5,Guard,OKC,http://i.cdn.turner.com/nba/nba/.element/img/2.0/sect/statscube/players/large/russell_westbrook.png,25.4,10.3,10.1,0.186
Derrick White,193.04,Guard,SAS,http://i.cdn.turner.com/nba/nba/.element/img/2.0/sect/statscube/players/large/derrick_white.png,3.2,0.5,1.5,0.124
Okaro White,203.2,Forward,CLE,http://i.cdn.turner.com/nba/nba/.element/img/2.0/sect/statscube/players/large/okaro_white.png,3.3,0.3,1.8,0.057
Andrew White III,200.66,Forward,ATL,http://i.cdn.turner.com/nba/nba/.element/img/2.0/sect/statscube/players/large/andrew_white iii.png,4.6,0.4,2.3,0.049
Isaiah Whitehead,193.04,Guard,BKN,http://i.cdn.turner.com/nba/nba/.element/img/2.0/sect/statscube/players/large/isaiah_whitehead.png,6.3,1.3,1.6,0.087
Hassan Whiteside,213.36,Center,MIA,http://i.cdn.turner.com/nba/nba/.element/img/2.0/sect/statscube/players/large/hassan_whiteside.png,14.0,1.0,11.4,0.176
Andrew Wiggins,203.2,Forward,MIN,http://i.cdn.turner.com/nba/nba/.element/img/2.0/sect/statscube/players/large/andrew_wiggins.png,17.7,2.0,4.4,0.076
CJ Wilcox,195.58,Guard,POR,http://i.cdn.turner.com/nba/nba/.element/img/2.0/sect/statscube/players/large/cj_wilcox.png,1.0,0.5,0.5,0.022
Alan Williams,203.2,Forward-Center,PHX,http://i.cdn.turner.com/nba/nba/.element/img/2.0/sect/statscube/players/large/alan_williams.png,6.4,0.6,5.7,0
C.J. Williams,195.58,Forward-Guard,LAC,http://i.cdn.turner.com/nba/nba/.element/img/2.0/sect/statscube/players/large/c.j._williams.png,5.5,1.1,1.5,0.053
Lou Williams,185.42000000000002,Guard,LAC,http://i.cdn.turner.com/nba/nba/.element/img/2.0/sect/statscube/players/large/lou_williams.png,22.6,5.3,2.5,0.127
Marvin Williams,205.74,Forward,CHA,http://i.cdn.turner.com/nba/nba/.element/img/2.0/sect/statscube/players/large/marvin_williams.png,9.5,1.2,4.7,0.093
Troy Williams,200.66,Forward,NYK,http://i.cdn.turner.com/nba/nba/.element/img/2.0/sect/statscube/players/large/troy_williams.png,6.3,0.8,3.0,0.079
D.J. Wilson,208.28,Forward,MIL,http://i.cdn.turner.com/nba/nba/.element/img/2.0/sect/statscube/players/large/d.j._wilson.png,1.0,0.1,0.5,0.065
Justise Winslow,200.66,Forward-Guard,MIA,http://i.cdn.turner.com/nba/nba/.element/img/2.0/sect/statscube/players/large/justise_winslow.png,7.8,2.2,5.4,0.092
Delon Wright,195.58,Guard,TOR,http://i.cdn.turner.com/nba/nba/.element/img/2.0/sect/statscube/players/large/delon_wright.png,8.0,2.9,2.9,0.116
Guerschon Yabusele,203.2,Forward,BOS,http://i.cdn.turner.com/nba/nba/.element/img/2.0/sect/statscube/players/large/guerschon_yabusele.png,2.4,0.5,1.6,0.08
Joe Young,187.96,Guard,IND,http://i.cdn.turner.com/nba/nba/.element/img/2.0/sect/statscube/players/large/joe_young.png,3.9,0.7,1.2,0.07
Nick Young,200.66,Guard-Forward,GSW,http://i.cdn.turner.com/nba/nba/.element/img/2.0/sect/statscube/players/large/nick_young.png,7.3,0.5,1.6,0.061
Thaddeus Young,203.2,Forward,IND,http://i.cdn.turner.com/nba/nba/.element/img/2.0/sect/statscube/players/large/thaddeus_young.png,11.8,1.9,6.3,0.09
Cody Zeller,213.36,Center-Forward,CHA,http://i.cdn.turner.com/nba/nba/.element/img/2.0/sect/statscube/players/large/cody_zeller.png,7.1,0.9,5.4,0.096
Tyler Zeller,213.36,Center,MIL,http://i.cdn.turner.com/nba/nba/.element/img/2.0/sect/statscube/players/large/tyler_zeller.png,6.7,0.7,4.6,0.096
Paul Zipser,203.2,Forward,CHI,http://i.cdn.turner.com/nba/nba/.element/img/2.0/sect/statscube/players/large/paul_zipser.png,4.0,0.9,2.4,0.042
Ante Zizic,210.82,Forward-Center,CLE,http://i.cdn.turner.com/nba/nba/.element/img/2.0/sect/statscube/players/large/ante_zizic.png,3.7,0.2,1.9,0.132
Ivica Zubac,215.9,Center,LAL,http://i.cdn.turner.com/nba/nba/.element/img/2.0/sect/statscube/players/large/ivica_zubac.png,3.7,0.6,2.9,0.108
